ISO-10303-21;
HEADER;
FILE_DESCRIPTION (( 'STEP AP214' ),
    '1' );
FILE_NAME ('handle.STEP',
    '2026-05-19T15:51:25',
    ( '' ),
    ( '' ),
    'SwSTEP 2.0',
    'SolidWorks 2025',
    '' );
FILE_SCHEMA (( 'AUTOMOTIVE_DESIGN' ));
ENDSEC;

DATA;
#1 = CARTESIAN_POINT ( 'NONE',  ( -12.50000000000000000, -32.89513429522385479, -97.02894413646475869 ) ) ;
#2 = LINE ( 'NONE', #1914, #2756 ) ;
#3 = ORIENTED_EDGE ( 'NONE', *, *, #1510, .T. ) ;
#4 = ORIENTED_EDGE ( 'NONE', *, *, #1524, .T. ) ;
#5 = EDGE_CURVE ( 'NONE', #1369, #2200, #339, .T. ) ;
#6 = AXIS2_PLACEMENT_3D ( 'NONE', #381, #420, #169 ) ;
#7 = DIRECTION ( 'NONE',  ( -1.000000000000000000, -2.996270723527080669E-17, -8.648297666416507395E-18 ) ) ;
#8 = ORIENTED_EDGE ( 'NONE', *, *, #1484, .T. ) ;
#9 = UNCERTAINTY_MEASURE_WITH_UNIT (LENGTH_MEASURE( 1.000000000000000082E-05 ), #2654, 'distance_accuracy_value', 'NONE');
#10 = CARTESIAN_POINT ( 'NONE',  ( 18.50000000000000000, -68.52843581539332263, 29.13301505179724415 ) ) ;
#11 = EDGE_CURVE ( 'NONE', #2014, #852, #1942, .T. ) ;
#12 = VECTOR ( 'NONE', #2692, 1000.000000000000000 ) ;
#13 = EDGE_LOOP ( 'NONE', ( #290, #1923, #539, #585 ) ) ;
#14 = DIRECTION ( 'NONE',  ( 3.118584418279382225E-17, -0.9607790977100483243, -0.2773148488694133218 ) ) ;
#15 = EDGE_CURVE ( 'NONE', #573, #755, #2421, .T. ) ;
#16 = EDGE_LOOP ( 'NONE', ( #79, #2695, #867, #1565, #635 ) ) ;
#17 = LINE ( 'NONE', #877, #2717 ) ;
#18 = DIRECTION ( 'NONE',  ( -1.000000000000000000, -0.000000000000000000, -0.000000000000000000 ) ) ;
#19 = CARTESIAN_POINT ( 'NONE',  ( 12.49999999999999112, -41.34548338327577000, -94.95302648860089789 ) ) ;
#20 = CARTESIAN_POINT ( 'NONE',  ( -28.99999999999997868, -68.52843581539332263, -82.10986610637343119 ) ) ;
#21 = VECTOR ( 'NONE', #110, 1000.000000000000114 ) ;
#22 = ORIENTED_EDGE ( 'NONE', *, *, #1098, .F. ) ;
#23 = EDGE_LOOP ( 'NONE', ( #863, #1028, #453, #1310 ) ) ;
#24 = DIRECTION ( 'NONE',  ( -1.000000000000000000, -2.996270723527080669E-17, -8.648297666416508936E-18 ) ) ;
#25 = ORIENTED_EDGE ( 'NONE', *, *, #803, .F. ) ;
#26 = AXIS2_PLACEMENT_3D ( 'NONE', #350, #1824, #2262 ) ;
#27 = VECTOR ( 'NONE', #2667, 1000.000000000000000 ) ;
#28 = DIRECTION ( 'NONE',  ( -1.000000000000000000, 2.397016578821665028E-16, 6.918638133133207149E-17 ) ) ;
#29 = DIRECTION ( 'NONE',  ( 0.000000000000000000, -0.2588190451025144112, 0.9659258262890700886 ) ) ;
#30 = EDGE_CURVE ( 'NONE', #1636, #1915, #474, .T. ) ;
#31 = EDGE_CURVE ( 'NONE', #329, #1136, #2636, .T. ) ;
#32 = VERTEX_POINT ( 'NONE', #1337 ) ;
#33 = EDGE_CURVE ( 'NONE', #2587, #857, #1957, .T. ) ;
#34 = CARTESIAN_POINT ( 'NONE',  ( 28.99999999999997868, -65.52843581539332263, 47.89013389362658302 ) ) ;
#35 =( LENGTH_UNIT ( ) NAMED_UNIT ( * ) SI_UNIT ( .MILLI., .METRE. ) );
#36 = CARTESIAN_POINT ( 'NONE',  ( 15.50000000000000000, -60.69984461023085487, 31.04473483948195067 ) ) ;
#37 = DIRECTION ( 'NONE',  ( -1.000000000000000000, -1.388905046687862300E-16, -4.008871488089412466E-17 ) ) ;
#38 = LINE ( 'NONE', #48, #862 ) ;
#39 = VERTEX_POINT ( 'NONE', #1737 ) ;
#40 = ORIENTED_EDGE ( 'NONE', *, *, #30, .F. ) ;
#41 = CIRCLE ( 'NONE', #1829, 9.084952136383828147 ) ;
#42 = ORIENTED_EDGE ( 'NONE', *, *, #1794, .T. ) ;
#43 = DIRECTION ( 'NONE',  ( 0.000000000000000000, 1.000000000000000000, 0.000000000000000000 ) ) ;
#44 = VERTEX_POINT ( 'NONE', #448 ) ;
#45 = CARTESIAN_POINT ( 'NONE',  ( -28.99999999999997868, -68.52843581539332263, 47.89013389362658302 ) ) ;
#46 = DIRECTION ( 'NONE',  ( -0.000000000000000000, -0.9998065212833885385, -0.01967028213344334045 ) ) ;
#47 = DIRECTION ( 'NONE',  ( 0.000000000000000000, 0.000000000000000000, -1.000000000000000000 ) ) ;
#48 = CARTESIAN_POINT ( 'NONE',  ( 28.99999999999997868, -68.52843581539332263, 37.89013389362658302 ) ) ;
#49 = VERTEX_POINT ( 'NONE', #1295 ) ;
#50 = ORIENTED_EDGE ( 'NONE', *, *, #1768, .T. ) ;
#51 = ADVANCED_FACE ( 'NONE', ( #1328 ), #2169, .F. ) ;
#52 = ORIENTED_EDGE ( 'NONE', *, *, #1861, .T. ) ;
#53 = EDGE_CURVE ( 'NONE', #2779, #573, #270, .T. ) ;
#54 = VECTOR ( 'NONE', #2425, 1000.000000000000000 ) ;
#55 = LINE ( 'NONE', #1545, #2325 ) ;
#56 = FACE_OUTER_BOUND ( 'NONE', #2496, .T. ) ;
#57 = CYLINDRICAL_SURFACE ( 'NONE', #2634, 8.500000000000007105 ) ;
#58 = DIRECTION ( 'NONE',  ( -1.000000000000000000, -0.000000000000000000, -0.000000000000000000 ) ) ;
#59 = ADVANCED_FACE ( 'NONE', ( #1980 ), #57, .F. ) ;
#60 = AXIS2_PLACEMENT_3D ( 'NONE', #1575, #1970, #1777 ) ;
#61 = LINE ( 'NONE', #917, #1267 ) ;
#62 = DIRECTION ( 'NONE',  ( 0.000000000000000000, 0.000000000000000000, -1.000000000000000000 ) ) ;
#63 = VECTOR ( 'NONE', #663, 1000.000000000000114 ) ;
#64 = ORIENTED_EDGE ( 'NONE', *, *, #591, .F. ) ;
#65 = EDGE_CURVE ( 'NONE', #2400, #2597, #1562, .T. ) ;
#66 = VERTEX_POINT ( 'NONE', #707 ) ;
#67 = EDGE_CURVE ( 'NONE', #700, #1933, #664, .T. ) ;
#68 = DIRECTION ( 'NONE',  ( -0.000000000000000000, -0.2773148488694123226, 0.9607790977100485463 ) ) ;
#69 = TOROIDAL_SURFACE ( 'NONE', #1906, 23.81967071551523318, 2.000000000000000000 ) ;
#70 = STYLED_ITEM ( 'NONE', ( #245 ), #86 ) ;
#71 = DIRECTION ( 'NONE',  ( 1.000000000000000000, 0.000000000000000000, 0.000000000000000000 ) ) ;
#72 = EDGE_LOOP ( 'NONE', ( #1068, #741, #1374, #2565 ) ) ;
#73 = PLANE ( 'NONE',  #2760 ) ;
#74 = CARTESIAN_POINT ( 'NONE',  ( 18.50000000000000355, -68.52843581539332263, -92.10986610637341698 ) ) ;
#75 = CARTESIAN_POINT ( 'NONE',  ( -28.99999999999997868, -68.52843581539332263, 47.89013389362658302 ) ) ;
#76 = CARTESIAN_POINT ( 'NONE',  ( 28.99999999999997868, -68.52843581539332263, -82.10986610637343119 ) ) ;
#77 = ORIENTED_EDGE ( 'NONE', *, *, #588, .T. ) ;
#78 = ORIENTED_EDGE ( 'NONE', *, *, #2019, .F. ) ;
#79 = ORIENTED_EDGE ( 'NONE', *, *, #941, .F. ) ;
#80 = EDGE_CURVE ( 'NONE', #2774, #2134, #2136, .T. ) ;
#81 = VECTOR ( 'NONE', #1274, 1000.000000000000114 ) ;
#82 = FACE_OUTER_BOUND ( 'NONE', #604, .T. ) ;
#83 = LINE ( 'NONE', #1373, #1954 ) ;
#84 = VERTEX_POINT ( 'NONE', #210 ) ;
#85 = CARTESIAN_POINT ( 'NONE',  ( -18.50000000000000000, -48.63699991277163548, 21.97568843036164665 ) ) ;
#86 = MANIFOLD_SOLID_BREP ( 'Boss-Extrude10', #702 ) ;
#87 = CARTESIAN_POINT ( 'NONE',  ( -18.50000000000000000, -51.28927552743907370, -91.68646947313818885 ) ) ;
#88 = CARTESIAN_POINT ( 'NONE',  ( -15.50000000000000355, -68.52843581539332263, -72.10986610637341698 ) ) ;
#89 = PLANE ( 'NONE',  #1221 ) ;
#90 = ORIENTED_EDGE ( 'NONE', *, *, #15, .F. ) ;
#91 = ORIENTED_EDGE ( 'NONE', *, *, #848, .T. ) ;
#92 = VERTEX_POINT ( 'NONE', #1646 ) ;
#93 = CARTESIAN_POINT ( 'NONE',  ( -16.30000000000000782, -32.89513429522385479, -97.02894413646475869 ) ) ;
#94 = DIRECTION ( 'NONE',  ( -1.000000000000000000, -0.000000000000000000, -0.000000000000000000 ) ) ;
#95 = AXIS2_PLACEMENT_3D ( 'NONE', #1960, #2382, #1540 ) ;
#96 = EDGE_CURVE ( 'NONE', #417, #1289, #555, .T. ) ;
#97 = AXIS2_PLACEMENT_3D ( 'NONE', #2249, #1244, #1201 ) ;
#98 = LINE ( 'NONE', #45, #1277 ) ;
#99 = ORIENTED_EDGE ( 'NONE', *, *, #1438, .T. ) ;
#100 = CARTESIAN_POINT ( 'NONE',  ( -18.50000000000000000, -68.52843581539332263, 47.89013389362658302 ) ) ;
#101 = ADVANCED_FACE ( 'NONE', ( #1158 ), #2010, .F. ) ;
#102 = ADVANCED_FACE ( 'NONE', ( #762 ), #2723, .T. ) ;
#103 = PLANE ( 'NONE',  #1093 ) ;
#104 = CARTESIAN_POINT ( 'NONE',  ( 8.727974615270831293, -39.32217547090733945, -92.79200252836616869 ) ) ;
#105 = VECTOR ( 'NONE', #1849, 1000.000000000000000 ) ;
#106 = VERTEX_POINT ( 'NONE', #85 ) ;
#107 = ORIENTED_EDGE ( 'NONE', *, *, #2770, .F. ) ;
#108 = ORIENTED_EDGE ( 'NONE', *, *, #803, .T. ) ;
#109 = AXIS2_PLACEMENT_3D ( 'NONE', #36, #2185, #890 ) ;
#110 = DIRECTION ( 'NONE',  ( 3.087301659422126247E-15, 0.2773148488694043290, -0.9607790977100507668 ) ) ;
#111 = LINE ( 'NONE', #2660, #509 ) ;
#112 = DIRECTION ( 'NONE',  ( -4.336808689942013792E-16, -0.9607790977100487684, -0.2773148488694112679 ) ) ;
#113 = VERTEX_POINT ( 'NONE', #100 ) ;
#114 = CARTESIAN_POINT ( 'NONE',  ( 1.272445755360013658E-16, -50.69313061127990494, -14.63183148726920102 ) ) ;
#115 = ADVANCED_FACE ( 'NONE', ( #944 ), #514, .T. ) ;
#116 = EDGE_CURVE ( 'NONE', #1918, #1078, #2474, .T. ) ;
#117 = FACE_OUTER_BOUND ( 'NONE', #2120, .T. ) ;
#118 = CARTESIAN_POINT ( 'NONE',  ( 18.50000000000000000, -68.52843581539332263, -75.11734839642286943 ) ) ;
#119 = DIRECTION ( 'NONE',  ( 3.173935636376880935E-32, 0.2773148488694113234, -0.9607790977100488794 ) ) ;
#120 = VERTEX_POINT ( 'NONE', #139 ) ;
#121 = DIRECTION ( 'NONE',  ( -1.000000000000000000, -0.000000000000000000, -0.000000000000000000 ) ) ;
#122 = DIRECTION ( 'NONE',  ( -1.000000000000000000, -0.000000000000000000, -0.000000000000000000 ) ) ;
#123 = CARTESIAN_POINT ( 'NONE',  ( 18.50000000000000000, -34.45937741928258191, -72.70964827147452070 ) ) ;
#124 = LINE ( 'NONE', #336, #2583 ) ;
#125 = ORIENTED_EDGE ( 'NONE', *, *, #1841, .F. ) ;
#126 = CARTESIAN_POINT ( 'NONE',  ( -19.21999999999999886, -50.15228464707448808, -95.62566377374932358 ) ) ;
#127 = DIRECTION ( 'NONE',  ( -1.000000000000000000, -0.000000000000000000, -0.000000000000000000 ) ) ;
#128 = DIRECTION ( 'NONE',  ( 0.000000000000000000, -0.3300003047964968350, -0.9439808254589810987 ) ) ;
#129 = DIRECTION ( 'NONE',  ( 0.000000000000000000, -0.000000000000000000, -1.000000000000000000 ) ) ;
#130 = ORIENTED_EDGE ( 'NONE', *, *, #1560, .F. ) ;
#131 = EDGE_CURVE ( 'NONE', #2286, #217, #1826, .T. ) ;
#132 = EDGE_CURVE ( 'NONE', #852, #1190, #1418, .T. ) ;
#133 = CARTESIAN_POINT ( 'NONE',  ( -18.50000000000000000, -68.52843581539332263, -82.10986610637343119 ) ) ;
#134 = DIRECTION ( 'NONE',  ( -2.212949139756545572E-17, -0.9607790977100484353, -0.2773148488694124891 ) ) ;
#135 = VECTOR ( 'NONE', #1879, 1000.000000000000000 ) ;
#136 = DIRECTION ( 'NONE',  ( 0.7030852074069715574, 0.000000000000000000, -0.7111056117944054566 ) ) ;
#137 = CARTESIAN_POINT ( 'NONE',  ( -18.50000000000000000, -68.52843581539332263, 30.89071444210019379 ) ) ;
#138 = ORIENTED_EDGE ( 'NONE', *, *, #1282, .F. ) ;
#139 = CARTESIAN_POINT ( 'NONE',  ( -16.50000000000000355, -68.52843581539332263, 57.89013389362658302 ) ) ;
#140 = DIRECTION ( 'NONE',  ( 0.000000000000000000, 0.000000000000000000, -1.000000000000000000 ) ) ;
#141 = DIRECTION ( 'NONE',  ( 1.000000000000000000, 0.000000000000000000, 0.000000000000000000 ) ) ;
#142 = ORIENTED_EDGE ( 'NONE', *, *, #1972, .F. ) ;
#143 = VECTOR ( 'NONE', #1054, 1000.000000000000000 ) ;
#144 = EDGE_CURVE ( 'NONE', #1852, #2036, #1461, .T. ) ;
#145 = CARTESIAN_POINT ( 'NONE',  ( 18.50000000000000000, -60.45909735432832122, 18.80796696805457557 ) ) ;
#146 = CARTESIAN_POINT ( 'NONE',  ( 18.50000000000000000, -68.52843581539332263, -102.1098661063734170 ) ) ;
#147 = EDGE_CURVE ( 'NONE', #1662, #2579, #2246, .T. ) ;
#148 = DIRECTION ( 'NONE',  ( 0.000000000000000000, -0.9439808254589822090, 0.3300003047964937264 ) ) ;
#149 = VECTOR ( 'NONE', #2498, 1000.000000000000114 ) ;
#150 = CARTESIAN_POINT ( 'NONE',  ( -16.30000000000000782, -40.88597295165242684, -94.13127307733350335 ) ) ;
#151 = ORIENTED_EDGE ( 'NONE', *, *, #274, .F. ) ;
#152 = LINE ( 'NONE', #625, #856 ) ;
#153 = CARTESIAN_POINT ( 'NONE',  ( -12.50000000000000888, -41.34548338327577000, -94.95302648860089789 ) ) ;
#154 = VERTEX_POINT ( 'NONE', #310 ) ;
#155 = CARTESIAN_POINT ( 'NONE',  ( -5.308970225913368424, -39.08560402812128132, -93.61162289226162159 ) ) ;
#156 = ORIENTED_EDGE ( 'NONE', *, *, #2230, .T. ) ;
#157 = FACE_OUTER_BOUND ( 'NONE', #23, .T. ) ;
#158 = CARTESIAN_POINT ( 'NONE',  ( -16.50000000000000355, -68.32530352411407648, 30.46722048755738044 ) ) ;
#159 = DIRECTION ( 'NONE',  ( 0.000000000000000000, 0.000000000000000000, -1.000000000000000000 ) ) ;
#160 = DIRECTION ( 'NONE',  ( 1.000000000000000000, 0.000000000000000000, 0.000000000000000000 ) ) ;
#161 = DIRECTION ( 'NONE',  ( 0.000000000000000000, -0.000000000000000000, -1.000000000000000000 ) ) ;
#162 = VERTEX_POINT ( 'NONE', #1630 ) ;
#163 = PLANE ( 'NONE',  #1931 ) ;
#164 = AXIS2_PLACEMENT_3D ( 'NONE', #1744, #28, #2757 ) ;
#165 = DIRECTION ( 'NONE',  ( 0.000000000000000000, 0.000000000000000000, -1.000000000000000000 ) ) ;
#166 = ORIENTED_EDGE ( 'NONE', *, *, #568, .F. ) ;
#167 = CARTESIAN_POINT ( 'NONE',  ( 18.50000000000000000, -68.52843581539332263, -72.10986610637341698 ) ) ;
#168 = ORIENTED_EDGE ( 'NONE', *, *, #2734, .T. ) ;
#169 = DIRECTION ( 'NONE',  ( 0.000000000000000000, 1.000000000000000000, 0.000000000000000000 ) ) ;
#170 =( BOUNDED_CURVE ( )  B_SPLINE_CURVE ( 3, ( #1290, #872, #10, #457 ),
 .UNSPECIFIED., .F., .T. ) 
 B_SPLINE_CURVE_WITH_KNOTS ( ( 4, 4 ),
 ( 0.000000000000000000, 1.570796326794896558 ),
 .UNSPECIFIED. ) 
 CURVE ( )  GEOMETRIC_REPRESENTATION_ITEM ( )  RATIONAL_B_SPLINE_CURVE ( ( 1.000000000000000000, 0.8047378541243649375, 0.8047378541243649375, 1.000000000000000000 ) ) 
 REPRESENTATION_ITEM ( '' )  );
#171 = LINE ( 'NONE', #1030, #191 ) ;
#172 = CARTESIAN_POINT ( 'NONE',  ( -15.50000000000000355, -60.45909735432832122, 18.80796696805457557 ) ) ;
#173 = ORIENTED_EDGE ( 'NONE', *, *, #1137, .F. ) ;
#174 = LINE ( 'NONE', #2072, #2336 ) ;
#175 = ADVANCED_FACE ( 'NONE', ( #1170 ), #325, .F. ) ;
#176 = DIRECTION ( 'NONE',  ( 0.000000000000000000, 0.07049534507264076932, -0.9975121083591362847 ) ) ;
#177 = VERTEX_POINT ( 'NONE', #540 ) ;
#178 = LINE ( 'NONE', #227, #911 ) ;
#179 = AXIS2_PLACEMENT_3D ( 'NONE', #2539, #2140, #1073 ) ;
#180 = EDGE_CURVE ( 'NONE', #2750, #943, #2707, .T. ) ;
#181 = ORIENTED_EDGE ( 'NONE', *, *, #1679, .F. ) ;
#182 = CARTESIAN_POINT ( 'NONE',  ( 28.99999999999997868, -68.52843581539332263, -82.10986610637343119 ) ) ;
#183 = CARTESIAN_POINT ( 'NONE',  ( 8.727974615270831293, -29.71438449380685753, -90.01885403967203558 ) ) ;
#184 = CARTESIAN_POINT ( 'NONE',  ( 16.50000000000000000, -14.61692102146595573, -70.21564472308878635 ) ) ;
#185 = CIRCLE ( 'NONE', #1891, 14.00000000000001243 ) ;
#186 = AXIS2_PLACEMENT_3D ( 'NONE', #829, #1451, #140 ) ;
#187 = DIRECTION ( 'NONE',  ( 0.000000000000000000, -0.9607790977100484353, -0.2773148488694124336 ) ) ;
#188 = VECTOR ( 'NONE', #1453, 1000.000000000000227 ) ;
#189 = EDGE_LOOP ( 'NONE', ( #1291, #754, #1532, #1182 ) ) ;
#190 = DIRECTION ( 'NONE',  ( 0.000000000000000000, 0.9607790977100488794, 0.2773148488694114344 ) ) ;
#191 = VECTOR ( 'NONE', #1303, 1000.000000000000000 ) ;
#192 = CYLINDRICAL_SURFACE ( 'NONE', #820, 2.999999999999999112 ) ;
#193 = ORIENTED_EDGE ( 'NONE', *, *, #557, .T. ) ;
#194 = FACE_OUTER_BOUND ( 'NONE', #1929, .T. ) ;
#195 = EDGE_CURVE ( 'NONE', #32, #1287, #2696, .T. ) ;
#196 = ORIENTED_EDGE ( 'NONE', *, *, #2593, .F. ) ;
#197 = CIRCLE ( 'NONE', #2080, 2.000000000000001332 ) ;
#198 = ADVANCED_FACE ( 'NONE', ( #2049 ), #1198, .F. ) ;
#199 = LINE ( 'NONE', #182, #2522 ) ;
#200 = DIRECTION ( 'NONE',  ( -0.000000000000000000, 0.9439808254589819869, -0.3300003047964940595 ) ) ;
#201 = VECTOR ( 'NONE', #228, 1000.000000000000000 ) ;
#202 = CARTESIAN_POINT ( 'NONE',  ( -12.50000000000000000, -32.89513429522385479, -97.02894413646475869 ) ) ;
#203 = ORIENTED_EDGE ( 'NONE', *, *, #144, .F. ) ;
#204 = EDGE_CURVE ( 'NONE', #467, #2147, #2658, .T. ) ;
#205 = PLANE ( 'NONE',  #164 ) ;
#206 = EDGE_LOOP ( 'NONE', ( #1230, #2570, #440, #2516 ) ) ;
#207 = DIRECTION ( 'NONE',  ( 0.000000000000000000, 0.2773148488694157088, -0.9607790977100476582 ) ) ;
#208 = ORIENTED_EDGE ( 'NONE', *, *, #318, .F. ) ;
#209 = LINE ( 'NONE', #2152, #2259 ) ;
#210 = CARTESIAN_POINT ( 'NONE',  ( -12.50000000000000000, -25.63469666018047732, -89.72921500808980966 ) ) ;
#211 = EDGE_CURVE ( 'NONE', #1915, #84, #996, .T. ) ;
#212 = AXIS2_PLACEMENT_3D ( 'NONE', #783, #563, #2283 ) ;
#213 = ORIENTED_EDGE ( 'NONE', *, *, #1364, .T. ) ;
#214 = CARTESIAN_POINT ( 'NONE',  ( -7.816563279583467860, -28.91304912743990485, -90.09063624081396426 ) ) ;
#215 = DIRECTION ( 'NONE',  ( 1.000000000000000000, 2.996270723527081285E-17, 8.648297666416508936E-18 ) ) ;
#216 = ORIENTED_EDGE ( 'NONE', *, *, #2521, .F. ) ;
#217 = VERTEX_POINT ( 'NONE', #387 ) ;
#218 = EDGE_CURVE ( 'NONE', #2455, #2466, #2132, .T. ) ;
#219 = DIRECTION ( 'NONE',  ( -1.000000000000000000, -1.388905046687862300E-16, -4.008871488089412466E-17 ) ) ;
#220 = ORIENTED_EDGE ( 'NONE', *, *, #1438, .F. ) ;
#221 = EDGE_CURVE ( 'NONE', #506, #620, #2735, .T. ) ;
#222 = VECTOR ( 'NONE', #2235, 1000.000000000000000 ) ;
#223 = CARTESIAN_POINT ( 'NONE',  ( -18.50000000000000000, -65.52843581539332263, 18.80796696805457557 ) ) ;
#224 = ORIENTED_EDGE ( 'NONE', *, *, #906, .T. ) ;
#225 = CARTESIAN_POINT ( 'NONE',  ( -7.816563279583467860, -28.91304912743990485, -90.09063624081396426 ) ) ;
#226 = ORIENTED_EDGE ( 'NONE', *, *, #871, .F. ) ;
#227 = CARTESIAN_POINT ( 'NONE',  ( -7.816563279583467860, -39.96200875110546491, -93.27975700281221805 ) ) ;
#228 = DIRECTION ( 'NONE',  ( 0.000000000000000000, 0.2588190451025141892, -0.9659258262890700886 ) ) ;
#229 = VERTEX_POINT ( 'NONE', #1241 ) ;
#230 = LINE ( 'NONE', #1016, #544 ) ;
#231 = LINE ( 'NONE', #1315, #1756 ) ;
#232 = ORIENTED_EDGE ( 'NONE', *, *, #1352, .F. ) ;
#233 = EDGE_LOOP ( 'NONE', ( #2402, #1921, #1513, #1103, #1163 ) ) ;
#234 = AXIS2_PLACEMENT_3D ( 'NONE', #1676, #2279, #2739 ) ;
#235 = CARTESIAN_POINT ( 'NONE',  ( 12.49999999999999289, -48.69339500522166730, -96.38477138095574048 ) ) ;
#236 = ORIENTED_EDGE ( 'NONE', *, *, #1897, .F. ) ;
#237 = EDGE_CURVE ( 'NONE', #2543, #1836, #1570, .T. ) ;
#238 = EDGE_CURVE ( 'NONE', #1275, #1356, #1707, .T. ) ;
#239 = EDGE_CURVE ( 'NONE', #2384, #1662, #1217, .T. ) ;
#240 = PLANE ( 'NONE',  #1248 ) ;
#241 = VECTOR ( 'NONE', #1010, 1000.000000000000114 ) ;
#242 = CARTESIAN_POINT ( 'NONE',  ( -28.99999999999997868, 0.000000000000000000, 0.000000000000000000 ) ) ;
#243 = ORIENTED_EDGE ( 'NONE', *, *, #855, .T. ) ;
#244 = DIRECTION ( 'NONE',  ( -0.000000000000000000, 0.9607790977100478802, 0.2773148488694147651 ) ) ;
#245 = PRESENTATION_STYLE_ASSIGNMENT (( #2380 ) ) ;
#246 = CIRCLE ( 'NONE', #109, 2.999999999999999112 ) ;
#247 = VECTOR ( 'NONE', #763, 1000.000000000000000 ) ;
#248 = DIRECTION ( 'NONE',  ( 1.000000000000000000, 2.996270723527080669E-17, 8.648297666416508936E-18 ) ) ;
#249 = CARTESIAN_POINT ( 'NONE',  ( 18.50000000000000000, -30.07173424209107893, -74.35674944472901871 ) ) ;
#250 = ORIENTED_EDGE ( 'NONE', *, *, #1637, .F. ) ;
#251 = ORIENTED_EDGE ( 'NONE', *, *, #709, .T. ) ;
#252 = ORIENTED_EDGE ( 'NONE', *, *, #1352, .T. ) ;
#253 = AXIS2_PLACEMENT_3D ( 'NONE', #971, #2275, #1815 ) ;
#254 = DIRECTION ( 'NONE',  ( 0.000000000000000000, 1.000000000000000000, 0.000000000000000000 ) ) ;
#255 = DIRECTION ( 'NONE',  ( 0.000000000000000000, -1.000000000000000000, 0.000000000000000000 ) ) ;
#256 = ORIENTED_EDGE ( 'NONE', *, *, #180, .F. ) ;
#257 = DIRECTION ( 'NONE',  ( 0.000000000000000000, -0.9659258262890706437, -0.2588190451025122463 ) ) ;
#258 = DIRECTION ( 'NONE',  ( -4.688635108301841505E-16, 0.2773148488694119895, -0.9607790977100486574 ) ) ;
#259 = EDGE_CURVE ( 'NONE', #2466, #39, #600, .T. ) ;
#260 = LINE ( 'NONE', #1119, #953 ) ;
#261 = DIRECTION ( 'NONE',  ( 0.000000000000000000, -1.000000000000000000, 0.000000000000000000 ) ) ;
#262 = VERTEX_POINT ( 'NONE', #1261 ) ;
#263 = ORIENTED_EDGE ( 'NONE', *, *, #1144, .F. ) ;
#264 = AXIS2_PLACEMENT_3D ( 'NONE', #292, #899, #687 ) ;
#265 = ORIENTED_EDGE ( 'NONE', *, *, #116, .T. ) ;
#266 = UNCERTAINTY_MEASURE_WITH_UNIT (LENGTH_MEASURE( 1.000000000000000082E-05 ), #35, 'distance_accuracy_value', 'NONE');
#267 = FACE_OUTER_BOUND ( 'NONE', #1074, .T. ) ;
#268 = EDGE_CURVE ( 'NONE', #2134, #1380, #362, .T. ) ;
#269 = CARTESIAN_POINT ( 'NONE',  ( -18.50000000000000355, -68.52843581539332263, 57.01254496130543004 ) ) ;
#270 = LINE ( 'NONE', #1128, #423 ) ;
#271 = LINE ( 'NONE', #2619, #2305 ) ;
#272 = FACE_OUTER_BOUND ( 'NONE', #1687, .T. ) ;
#273 = CARTESIAN_POINT ( 'NONE',  ( -8.700000000000002842, -28.91304912743990485, -90.09063624081396426 ) ) ;
#274 = EDGE_CURVE ( 'NONE', #1894, #2384, #174, .T. ) ;
#275 = EDGE_LOOP ( 'NONE', ( #908, #656 ) ) ;
#276 = AXIS2_PLACEMENT_3D ( 'NONE', #1486, #2748, #1922 ) ;
#277 = VERTEX_POINT ( 'NONE', #1251 ) ;
#278 = VERTEX_POINT ( 'NONE', #798 ) ;
#279 = DIRECTION ( 'NONE',  ( 0.000000000000000000, 0.2773148488694123226, -0.9607790977100485463 ) ) ;
#280 = LINE ( 'NONE', #2183, #468 ) ;
#281 = ORIENTED_EDGE ( 'NONE', *, *, #481, .F. ) ;
#282 = DIRECTION ( 'NONE',  ( 0.000000000000000000, -0.3300003047964940595, -0.9439808254589819869 ) ) ;
#283 = VECTOR ( 'NONE', #1130, 1000.000000000000000 ) ;
#284 = CARTESIAN_POINT ( 'NONE',  ( 15.50000000000000000, -53.89437424079171990, -74.08314218291353370 ) ) ;
#285 = PLANE ( 'NONE',  #60 ) ;
#286 = CARTESIAN_POINT ( 'NONE',  ( 18.50000000000000000, -37.31182116763125123, -113.4797343673739363 ) ) ;
#287 = EDGE_LOOP ( 'NONE', ( #2131, #50, #2367, #2393, #156, #1585 ) ) ;
#288 = CIRCLE ( 'NONE', #1406, 3.000000000000000444 ) ;
#289 = EDGE_LOOP ( 'NONE', ( #1911, #1033, #1726, #252 ) ) ;
#290 = ORIENTED_EDGE ( 'NONE', *, *, #1152, .T. ) ;
#291 = AXIS2_PLACEMENT_3D ( 'NONE', #357, #1219, #2066 ) ;
#292 = CARTESIAN_POINT ( 'NONE',  ( 12.49999999999999289, -44.53367227218047475, -110.7964578466064864 ) ) ;
#293 = VECTOR ( 'NONE', #112, 1000.000000000000114 ) ;
#294 = CARTESIAN_POINT ( 'NONE',  ( 18.50000000000000000, -60.64083376383052126, 28.04531527563178628 ) ) ;
#295 = ORIENTED_EDGE ( 'NONE', *, *, #1472, .F. ) ;
#296 = DIRECTION ( 'NONE',  ( 1.000000000000000000, 0.000000000000000000, -0.000000000000000000 ) ) ;
#297 = DIRECTION ( 'NONE',  ( -2.212949139756545264E-17, -0.9607790977100484353, -0.2773148488694125446 ) ) ;
#298 = ADVANCED_FACE ( 'NONE', ( #1432 ), #163, .F. ) ;
#299 = CARTESIAN_POINT ( 'NONE',  ( -19.21999999999999886, -43.32572789688926918, -90.42872977989290462 ) ) ;
#300 = VERTEX_POINT ( 'NONE', #1276 ) ;
#301 = ORIENTED_EDGE ( 'NONE', *, *, #1609, .F. ) ;
#302 = ORIENTED_EDGE ( 'NONE', *, *, #1591, .T. ) ;
#303 = AXIS2_PLACEMENT_3D ( 'NONE', #494, #1155, #2005 ) ;
#304 = EDGE_CURVE ( 'NONE', #442, #217, #2532, .T. ) ;
#305 = CARTESIAN_POINT ( 'NONE',  ( 18.50000000000000000, -14.61692102146595573, -70.21564472308878635 ) ) ;
#306 = ADVANCED_FACE ( 'NONE', ( #1225 ), #2759, .F. ) ;
#307 = CARTESIAN_POINT ( 'NONE',  ( -18.50000000000000000, -39.49193515488595807, -109.3412340911623630 ) ) ;
#308 = DIRECTION ( 'NONE',  ( -2.212949139756545264E-17, -0.9607790977100484353, -0.2773148488694125446 ) ) ;
#309 = ORIENTED_EDGE ( 'NONE', *, *, #65, .T. ) ;
#310 = CARTESIAN_POINT ( 'NONE',  ( -8.700000000000009948, -39.80618835140383993, -93.81960902891368903 ) ) ;
#311 = FACE_OUTER_BOUND ( 'NONE', #1063, .T. ) ;
#312 = CARTESIAN_POINT ( 'NONE',  ( -18.50000000000000000, -53.89437424079171990, -74.08314218291354791 ) ) ;
#313 = CARTESIAN_POINT ( 'NONE',  ( 18.50000000000000000, -65.52843581539332263, -92.10986610637341698 ) ) ;
#314 = ORIENTED_EDGE ( 'NONE', *, *, #629, .T. ) ;
#315 = ORIENTED_EDGE ( 'NONE', *, *, #989, .T. ) ;
#316 = ORIENTED_EDGE ( 'NONE', *, *, #1525, .F. ) ;
#317 = CARTESIAN_POINT ( 'NONE',  ( 18.50000000000000000, -68.52843581539332263, -75.11734839642286943 ) ) ;
#318 = EDGE_CURVE ( 'NONE', #1705, #1123, #2289, .T. ) ;
#319 = DIRECTION ( 'NONE',  ( -0.000000000000000000, -0.9607790977100484353, -0.2773148488694126557 ) ) ;
#320 = EDGE_CURVE ( 'NONE', #1356, #1275, #2061, .T. ) ;
#321 = AXIS2_PLACEMENT_3D ( 'NONE', #437, #2198, #1971 ) ;
#322 = AXIS2_PLACEMENT_3D ( 'NONE', #2092, #603, #342 ) ;
#323 = CARTESIAN_POINT ( 'NONE',  ( -28.99999999999997868, 0.000000000000000000, 0.000000000000000000 ) ) ;
#324 = EDGE_LOOP ( 'NONE', ( #2162, #811, #2175, #1011 ) ) ;
#325 = PLANE ( 'NONE',  #1433 ) ;
#326 = DIRECTION ( 'NONE',  ( 0.000000000000000000, -0.000000000000000000, 1.000000000000000000 ) ) ;
#327 = CYLINDRICAL_SURFACE ( 'NONE', #97, 9.239135883730591914 ) ;
#328 = ORIENTED_EDGE ( 'NONE', *, *, #1861, .F. ) ;
#329 = VERTEX_POINT ( 'NONE', #2113 ) ;
#330 = AXIS2_PLACEMENT_3D ( 'NONE', #673, #29, #1534 ) ;
#331 = VECTOR ( 'NONE', #515, 1000.000000000000000 ) ;
#332 = LINE ( 'NONE', #1177, #1587 ) ;
#333 = DIRECTION ( 'NONE',  ( -1.000000000000000000, 4.166715140063586407E-16, 1.202661446426823801E-16 ) ) ;
#334 = VECTOR ( 'NONE', #2206, 1000.000000000000000 ) ;
#335 = DIRECTION ( 'NONE',  ( -1.000000000000000000, -0.000000000000000000, -0.000000000000000000 ) ) ;
#336 = CARTESIAN_POINT ( 'NONE',  ( -28.99999999999997868, -68.52843581539332263, 37.89013389362658302 ) ) ;
#337 = ORIENTED_EDGE ( 'NONE', *, *, #340, .F. ) ;
#338 = DIRECTION ( 'NONE',  ( -1.000000000000000000, -0.000000000000000000, -0.000000000000000000 ) ) ;
#339 = CIRCLE ( 'NONE', #1281, 8.701599496106895870 ) ;
#340 = EDGE_CURVE ( 'NONE', #1894, #1918, #152, .T. ) ;
#341 = DIRECTION ( 'NONE',  ( 0.000000000000000000, 0.2773148488694144320, -0.9607790977100479912 ) ) ;
#342 = DIRECTION ( 'NONE',  ( 0.000000000000000000, 1.000000000000000000, 0.000000000000000000 ) ) ;
#343 = EDGE_CURVE ( 'NONE', #2779, #49, #1909, .T. ) ;
#344 = ORIENTED_EDGE ( 'NONE', *, *, #683, .T. ) ;
#345 = ADVANCED_FACE ( 'NONE', ( #843 ), #1698, .F. ) ;
#346 = LINE ( 'NONE', #2055, #2720 ) ;
#347 = DIRECTION ( 'NONE',  ( 0.000000000000000000, 0.9659258262890699775, 0.2588190451025150218 ) ) ;
#348 = DIRECTION ( 'NONE',  ( -1.000000000000000000, -0.000000000000000000, -0.000000000000000000 ) ) ;
#349 = ADVANCED_FACE ( 'NONE', ( #2345 ), #858, .F. ) ;
#350 = CARTESIAN_POINT ( 'NONE',  ( 28.99999999999997868, 0.000000000000000000, 0.000000000000000000 ) ) ;
#351 = ORIENTED_EDGE ( 'NONE', *, *, #1235, .T. ) ;
#352 = CARTESIAN_POINT ( 'NONE',  ( -18.50000000000000000, -60.69984461023084776, 31.04473483948194712 ) ) ;
#353 = LINE ( 'NONE', #1648, #1450 ) ;
#354 = CARTESIAN_POINT ( 'NONE',  ( -7.816563279583467860, -28.90160138769120834, -90.13029783524864058 ) ) ;
#355 = ORIENTED_EDGE ( 'NONE', *, *, #537, .T. ) ;
#356 = ADVANCED_FACE ( 'NONE', ( #2602 ), #1083, .T. ) ;
#357 = CARTESIAN_POINT ( 'NONE',  ( -18.50000000000000000, -60.45909735432832122, 18.80796696805457557 ) ) ;
#358 = VECTOR ( 'NONE', #190, 999.9999999999998863 ) ;
#359 = CARTESIAN_POINT ( 'NONE',  ( -16.50000000000000355, -43.38541675371831730, 37.14984300700837849 ) ) ;
#360 = CARTESIAN_POINT ( 'NONE',  ( -19.21999999999999886, -51.28927552743907370, -91.68646947313818885 ) ) ;
#361 = VERTEX_POINT ( 'NONE', #2150 ) ;
#362 = LINE ( 'NONE', #2089, #1838 ) ;
#363 = CARTESIAN_POINT ( 'NONE',  ( -7.816563279583467860, -28.90160138769120834, -90.13029783524864058 ) ) ;
#364 = EDGE_LOOP ( 'NONE', ( #1293, #1554, #587, #1975, #1616, #2655, #22, #355, #444, #2504, #460, #1984 ) ) ;
#365 = DIRECTION ( 'NONE',  ( 0.000000000000000000, 0.9607790977100484353, 0.2773148488694124336 ) ) ;
#366 = ADVANCED_FACE ( 'NONE', ( #2588 ), #1099, .F. ) ;
#367 = ORIENTED_EDGE ( 'NONE', *, *, #2204, .F. ) ;
#368 = VECTOR ( 'NONE', #1195, 1000.000000000000000 ) ;
#369 = CARTESIAN_POINT ( 'NONE',  ( -19.21999999999999886, -43.32572789688926918, -90.42872977989290462 ) ) ;
#370 = CARTESIAN_POINT ( 'NONE',  ( 18.50000000000000000, -45.31726840629644215, 36.63220491680336011 ) ) ;
#371 = DIRECTION ( 'NONE',  ( 0.000000000000000000, -0.2532862672034597584, 0.9673913721168582169 ) ) ;
#372 = DIRECTION ( 'NONE',  ( -0.000000000000000000, 0.9439808254589819869, -0.3300003047964940595 ) ) ;
#373 = AXIS2_PLACEMENT_3D ( 'NONE', #145, #1665, #1612 ) ;
#374 = DIRECTION ( 'NONE',  ( 0.000000000000000000, 0.3300003047964937264, 0.9439808254589820979 ) ) ;
#375 = ORIENTED_EDGE ( 'NONE', *, *, #988, .F. ) ;
#376 = DIRECTION ( 'NONE',  ( 0.000000000000000000, -0.9607790977100485463, -0.2773148488694123226 ) ) ;
#377 = DIRECTION ( 'NONE',  ( -0.000000000000000000, 0.2773148488694145430, -0.9607790977100479912 ) ) ;
#378 = ORIENTED_EDGE ( 'NONE', *, *, #1199, .T. ) ;
#379 = LINE ( 'NONE', #167, #583 ) ;
#380 = VERTEX_POINT ( 'NONE', #445 ) ;
#381 = CARTESIAN_POINT ( 'NONE',  ( -8.700000000000009948, -32.89513429522385479, -97.02894413646475869 ) ) ;
#382 = DIRECTION ( 'NONE',  ( -3.054012540326551128E-17, 0.8847458221040430670, 0.4660738463692648548 ) ) ;
#383 = EDGE_CURVE ( 'NONE', #1008, #614, #2166, .T. ) ;
#384 = DIRECTION ( 'NONE',  ( 0.000000000000000000, 0.000000000000000000, -1.000000000000000000 ) ) ;
#385 = ADVANCED_FACE ( 'NONE', ( #429 ), #1324, .F. ) ;
#386 = ORIENTED_EDGE ( 'NONE', *, *, #1591, .F. ) ;
#387 = CARTESIAN_POINT ( 'NONE',  ( -18.50000000000000000, -37.31182116763124412, -113.4797343673739363 ) ) ;
#388 = VECTOR ( 'NONE', #1259, 1000.000000000000114 ) ;
#389 = CARTESIAN_POINT ( 'NONE',  ( -19.21999999999999886, -51.28927552743907370, -91.68646947313818885 ) ) ;
#390 = ORIENTED_EDGE ( 'NONE', *, *, #238, .F. ) ;
#391 = DIRECTION ( 'NONE',  ( 0.000000000000000000, -0.2773148488694124891, 0.9607790977100485463 ) ) ;
#392 = ORIENTED_EDGE ( 'NONE', *, *, #703, .T. ) ;
#393 = DIRECTION ( 'NONE',  ( 0.000000000000000000, 0.000000000000000000, -1.000000000000000000 ) ) ;
#394 = DIRECTION ( 'NONE',  ( 0.000000000000000000, 0.000000000000000000, -1.000000000000000000 ) ) ;
#395 = LINE ( 'NONE', #841, #388 ) ;
#396 = EDGE_LOOP ( 'NONE', ( #660, #995, #40, #2764, #2245, #2013, #8 ) ) ;
#397 = ADVANCED_FACE ( 'NONE', ( #1730 ), #2377, .T. ) ;
#398 = CARTESIAN_POINT ( 'NONE',  ( -18.50000000000000000, -36.65490698379899470, -111.9494902433356742 ) ) ;
#399 = LINE ( 'NONE', #1881, #1042 ) ;
#400 = EDGE_LOOP ( 'NONE', ( #974, #999, #2221, #1858 ) ) ;
#401 = CARTESIAN_POINT ( 'NONE',  ( -18.50000000000000000, -68.52843581539332263, 55.77144679102833180 ) ) ;
#402 = AXIS2_PLACEMENT_3D ( 'NONE', #1268, #2780, #575 ) ;
#403 = ORIENTED_EDGE ( 'NONE', *, *, #495, .F. ) ;
#404 = CARTESIAN_POINT ( 'NONE',  ( 18.50000000000000000, -68.52843581539332263, 57.89013389362658302 ) ) ;
#405 = CARTESIAN_POINT ( 'NONE',  ( 18.50000000000000000, -68.52843581539332263, 57.89013389362658302 ) ) ;
#406 = CARTESIAN_POINT ( 'NONE',  ( 9.605863403384317323, -39.08560402812128842, -93.61162289226162159 ) ) ;
#407 = ORIENTED_EDGE ( 'NONE', *, *, #686, .T. ) ;
#408 = DIRECTION ( 'NONE',  ( 0.000000000000000000, -0.2773148488694124891, 0.9607790977100485463 ) ) ;
#409 = EDGE_CURVE ( 'NONE', #1462, #329, #1097, .T. ) ;
#410 = VECTOR ( 'NONE', #2791, 1000.000000000000227 ) ;
#411 = EDGE_LOOP ( 'NONE', ( #2324, #1060, #203, #1197 ) ) ;
#412 = CARTESIAN_POINT ( 'NONE',  ( -6.681356158756869945, -28.90160138769120834, -90.13029783524864058 ) ) ;
#413 = VECTOR ( 'NONE', #1742, 1000.000000000000114 ) ;
#414 = ORIENTED_EDGE ( 'NONE', *, *, #736, .F. ) ;
#415 = FACE_BOUND ( 'NONE', #1174, .T. ) ;
#416 = EDGE_CURVE ( 'NONE', #1594, #2672, #2392, .T. ) ;
#417 = VERTEX_POINT ( 'NONE', #1292 ) ;
#418 = EDGE_CURVE ( 'NONE', #2455, #2740, #1537, .T. ) ;
#419 = DIRECTION ( 'NONE',  ( 0.000000000000000000, 0.9607790977100484353, 0.2773148488694124336 ) ) ;
#420 = DIRECTION ( 'NONE',  ( 1.000000000000000000, 2.996270723527080669E-17, 8.648297666416508936E-18 ) ) ;
#421 = ORIENTED_EDGE ( 'NONE', *, *, #2181, .F. ) ;
#422 = ADVANCED_FACE ( 'NONE', ( #1969 ), #2606, .F. ) ;
#423 = VECTOR ( 'NONE', #2184, 1000.000000000000000 ) ;
#424 = ORIENTED_EDGE ( 'NONE', *, *, #53, .T. ) ;
#425 = CARTESIAN_POINT ( 'NONE',  ( 15.50000000000000000, -35.09982425510538206, -63.64729851156845797 ) ) ;
#426 = EDGE_LOOP ( 'NONE', ( #1514, #1454 ) ) ;
#427 = CARTESIAN_POINT ( 'NONE',  ( -18.50000000000000000, -21.47497392713929543, -104.1409014737405840 ) ) ;
#428 = ORIENTED_EDGE ( 'NONE', *, *, #221, .F. ) ;
#429 = FACE_OUTER_BOUND ( 'NONE', #1255, .T. ) ;
#430 = ORIENTED_EDGE ( 'NONE', *, *, #1061, .T. ) ;
#431 = DIRECTION ( 'NONE',  ( -2.993196490461549150E-16, -0.2588190451025146332, 0.9659258262890699775 ) ) ;
#432 = CARTESIAN_POINT ( 'NONE',  ( -12.50000000000000888, -32.89513429522406085, -97.02894413646446026 ) ) ;
#433 = AXIS2_PLACEMENT_3D ( 'NONE', #93, #2217, #43 ) ;
#434 = ORIENTED_EDGE ( 'NONE', *, *, #1437, .F. ) ;
#435 = ADVANCED_FACE ( 'NONE', ( #2124 ), #2401, .T. ) ;
#436 = DIRECTION ( 'NONE',  ( -1.000000000000000000, -0.000000000000000000, -0.000000000000000000 ) ) ;
#437 = CARTESIAN_POINT ( 'NONE',  ( -16.30000000000000782, -32.89513429522385479, -97.02894413646475869 ) ) ;
#438 = ORIENTED_EDGE ( 'NONE', *, *, #2277, .F. ) ;
#439 = EDGE_CURVE ( 'NONE', #986, #2036, #271, .T. ) ;
#440 = ORIENTED_EDGE ( 'NONE', *, *, #65, .F. ) ;
#441 = FACE_OUTER_BOUND ( 'NONE', #599, .T. ) ;
#442 = VERTEX_POINT ( 'NONE', #475 ) ;
#443 = DIRECTION ( 'NONE',  ( 0.000000000000000000, 7.637788069480335078E-16, -1.000000000000000000 ) ) ;
#444 = ORIENTED_EDGE ( 'NONE', *, *, #2346, .T. ) ;
#445 = CARTESIAN_POINT ( 'NONE',  ( -15.50000000000000355, -51.53477739163884763, 21.19923129505410131 ) ) ;
#446 = ORIENTED_EDGE ( 'NONE', *, *, #2385, .T. ) ;
#447 = CARTESIAN_POINT ( 'NONE',  ( -18.50000000000000000, -35.09982425510538206, -63.64729851156845797 ) ) ;
#448 = CARTESIAN_POINT ( 'NONE',  ( 18.50000000000000355, -68.52843581539332263, 37.89013389362658302 ) ) ;
#449 = FACE_OUTER_BOUND ( 'NONE', #2074, .T. ) ;
#450 = AXIS2_PLACEMENT_3D ( 'NONE', #1983, #1090, #918 ) ;
#451 = LINE ( 'NONE', #2623, #2475 ) ;
#452 = VERTEX_POINT ( 'NONE', #1552 ) ;
#453 = ORIENTED_EDGE ( 'NONE', *, *, #1040, .F. ) ;
#454 = AXIS2_PLACEMENT_3D ( 'NONE', #973, #1012, #1649 ) ;
#455 = LINE ( 'NONE', #1200, #1548 ) ;
#456 = ORIENTED_EDGE ( 'NONE', *, *, #1595, .T. ) ;
#457 = CARTESIAN_POINT ( 'NONE',  ( 18.50000000000000000, -68.52843581539332263, 30.89071444210019024 ) ) ;
#458 = AXIS2_PLACEMENT_3D ( 'NONE', #2318, #1863, #1614 ) ;
#459 = CARTESIAN_POINT ( 'NONE',  ( 45.14557498262445989, -36.65490698379899470, -111.9494902433356742 ) ) ;
#460 = ORIENTED_EDGE ( 'NONE', *, *, #211, .F. ) ;
#461 = CARTESIAN_POINT ( 'NONE',  ( 28.99999999999997868, -68.52843581539332263, 47.89013389362658302 ) ) ;
#462 = CARTESIAN_POINT ( 'NONE',  ( 28.99999999999997868, -68.52843581539332263, -92.10986610637341698 ) ) ;
#463 = VECTOR ( 'NONE', #2411, 1000.000000000000227 ) ;
#464 = LINE ( 'NONE', #901, #1047 ) ;
#465 = PLANE ( 'NONE',  #779 ) ;
#466 = DIRECTION ( 'NONE',  ( 0.000000000000000000, 1.000000000000000000, 0.000000000000000000 ) ) ;
#467 = VERTEX_POINT ( 'NONE', #1749 ) ;
#468 = VECTOR ( 'NONE', #1561, 1000.000000000000000 ) ;
#469 = VERTEX_POINT ( 'NONE', #1338 ) ;
#470 = EDGE_LOOP ( 'NONE', ( #1530, #390, #407, #1307 ) ) ;
#471 = DIRECTION ( 'NONE',  ( 0.000000000000000000, -0.9659258262890700886, -0.2588190451025140781 ) ) ;
#472 = EDGE_CURVE ( 'NONE', #1693, #1332, #246, .T. ) ;
#473 = CARTESIAN_POINT ( 'NONE',  ( 28.99999999999997868, -68.52843581539332263, 47.89013389362658302 ) ) ;
#474 = LINE ( 'NONE', #1070, #832 ) ;
#475 = CARTESIAN_POINT ( 'NONE',  ( 18.50000000000000711, -37.31182116763125123, -113.4797343673739363 ) ) ;
#476 = FACE_OUTER_BOUND ( 'NONE', #1973, .T. ) ;
#477 = DIRECTION ( 'NONE',  ( 0.000000000000000000, -0.9607790977100479912, -0.2773148488694143210 ) ) ;
#478 = ORIENTED_EDGE ( 'NONE', *, *, #2314, .T. ) ;
#479 = ORIENTED_EDGE ( 'NONE', *, *, #485, .T. ) ;
#480 = LINE ( 'NONE', #1964, #2372 ) ;
#481 = EDGE_CURVE ( 'NONE', #1289, #1505, #1014, .T. ) ;
#482 = CARTESIAN_POINT ( 'NONE',  ( -6.681356158756869945, -39.95056101135676840, -93.31941859724689436 ) ) ;
#483 = ORIENTED_EDGE ( 'NONE', *, *, #1425, .F. ) ;
#484 = PLANE ( 'NONE',  #961 ) ;
#485 = EDGE_CURVE ( 'NONE', #1791, #2014, #1117, .T. ) ;
#486 = LINE ( 'NONE', #1366, #1538 ) ;
#487 = CARTESIAN_POINT ( 'NONE',  ( 28.99999999999997868, -65.52843581539332263, 47.89013389362658302 ) ) ;
#488 = ORIENTED_EDGE ( 'NONE', *, *, #892, .T. ) ;
#489 = AXIS2_PLACEMENT_3D ( 'NONE', #1672, #1034, #1067 ) ;
#490 = ORIENTED_EDGE ( 'NONE', *, *, #2485, .T. ) ;
#491 = EDGE_CURVE ( 'NONE', #1594, #2207, #1143, .T. ) ;
#492 = EDGE_LOOP ( 'NONE', ( #1621, #428, #2002, #712, #671, #2671, #1286, #1868 ) ) ;
#493 = AXIS2_PLACEMENT_3D ( 'NONE', #2478, #1423, #740 ) ;
#494 = CARTESIAN_POINT ( 'NONE',  ( 28.99999999999997868, -68.52843581539332263, -82.10986610637343119 ) ) ;
#495 = EDGE_CURVE ( 'NONE', #1693, #2028, #464, .T. ) ;
#496 = VECTOR ( 'NONE', #2284, 1000.000000000000000 ) ;
#497 = DIRECTION ( 'NONE',  ( -1.666051518090366785E-15, -0.2773148488694030522, 0.9607790977100510998 ) ) ;
#498 = ORIENTED_EDGE ( 'NONE', *, *, #2142, .T. ) ;
#499 = DIRECTION ( 'NONE',  ( -2.212949139756545572E-17, -0.9607790977100484353, -0.2773148488694124891 ) ) ;
#500 = CARTESIAN_POINT ( 'NONE',  ( -5.308970225913368424, -29.47781305102079230, -90.83847440356748848 ) ) ;
#501 = LINE ( 'NONE', #312, #2664 ) ;
#502 = ADVANCED_FACE ( 'NONE', ( #2208 ), #1958, .F. ) ;
#503 = ORIENTED_EDGE ( 'NONE', *, *, #715, .F. ) ;
#504 = EDGE_LOOP ( 'NONE', ( #2263, #1763, #2352, #1610 ) ) ;
#505 = ADVANCED_FACE ( 'NONE', ( #1129 ), #484, .F. ) ;
#506 = VERTEX_POINT ( 'NONE', #2637 ) ;
#507 = VECTOR ( 'NONE', #1917, 1000.000000000000000 ) ;
#508 = DIRECTION ( 'NONE',  ( -1.000000000000000000, -2.996270723527080669E-17, -8.648297666416507395E-18 ) ) ;
#509 = VECTOR ( 'NONE', #319, 1000.000000000000114 ) ;
#510 = ADVANCED_BREP_SHAPE_REPRESENTATION ( 'handle', ( #86, #1978 ), #2293 ) ;
#511 = CARTESIAN_POINT ( 'NONE',  ( 18.50000000000000000, -68.31694978017539199, -75.10240243145081251 ) ) ;
#512 = DIRECTION ( 'NONE',  ( 0.000000000000000000, 0.9659258262890701996, 0.2588190451025138561 ) ) ;
#513 = ORIENTED_EDGE ( 'NONE', *, *, #2350, .F. ) ;
#514 = CYLINDRICAL_SURFACE ( 'NONE', #747, 1.499999999999994449 ) ;
#515 = DIRECTION ( 'NONE',  ( -0.000000000000000000, -0.2773148488694123226, 0.9607790977100485463 ) ) ;
#516 = DIRECTION ( 'NONE',  ( 1.000000000000000000, -0.000000000000000000, -0.000000000000000000 ) ) ;
#517 = ORIENTED_EDGE ( 'NONE', *, *, #211, .T. ) ;
#518 = ORIENTED_EDGE ( 'NONE', *, *, #1760, .T. ) ;
#519 = ADVANCED_FACE ( 'NONE', ( #2552 ), #930, .F. ) ;
#520 = ADVANCED_FACE ( 'NONE', ( #708, #1351, #1996 ), #73, .F. ) ;
#521 = ORIENTED_EDGE ( 'NONE', *, *, #1218, .T. ) ;
#522 = EDGE_CURVE ( 'NONE', #2575, #698, #1044, .T. ) ;
#523 = CIRCLE ( 'NONE', #2094, 2.000000000000003553 ) ;
#524 = LINE ( 'NONE', #1582, #1118 ) ;
#525 = DIRECTION ( 'NONE',  ( 0.000000000000000000, 0.000000000000000000, -1.000000000000000000 ) ) ;
#526 = FACE_OUTER_BOUND ( 'NONE', #966, .T. ) ;
#527 = ORIENTED_EDGE ( 'NONE', *, *, #650, .F. ) ;
#528 = CARTESIAN_POINT ( 'NONE',  ( 9.700000000000009948, -32.89513429522386900, -97.02894413646475869 ) ) ;
#529 = LINE ( 'NONE', #541, #1902 ) ;
#530 = LINE ( 'NONE', #299, #2525 ) ;
#531 = PLANE ( 'NONE',  #2389 ) ;
#532 = ORIENTED_EDGE ( 'NONE', *, *, #33, .T. ) ;
#533 = ORIENTED_EDGE ( 'NONE', *, *, #1524, .F. ) ;
#534 = FACE_OUTER_BOUND ( 'NONE', #2303, .T. ) ;
#535 = LINE ( 'NONE', #2499, #891 ) ;
#536 = CARTESIAN_POINT ( 'NONE',  ( -18.50000000000000000, -68.52843581539332263, -72.10986610637341698 ) ) ;
#537 = EDGE_CURVE ( 'NONE', #1944, #1224, #618, .T. ) ;
#538 = PLANE ( 'NONE',  #746 ) ;
#539 = ORIENTED_EDGE ( 'NONE', *, *, #993, .F. ) ;
#540 = CARTESIAN_POINT ( 'NONE',  ( -18.50000000000000000, -21.47497392713929543, -104.1409014737405840 ) ) ;
#541 = CARTESIAN_POINT ( 'NONE',  ( -19.21999999999999886, -50.15228464707448808, -95.62566377374932358 ) ) ;
#542 = DIRECTION ( 'NONE',  ( 0.000000000000000000, -0.9439808254589819869, 0.3300003047964940595 ) ) ;
#543 = FACE_OUTER_BOUND ( 'NONE', #905, .T. ) ;
#544 = VECTOR ( 'NONE', #1072, 1000.000000000000000 ) ;
#545 = EDGE_LOOP ( 'NONE', ( #936, #1821, #1465, #2613 ) ) ;
#546 = EDGE_CURVE ( 'NONE', #1380, #1962, #2609, .T. ) ;
#547 = AXIS2_PLACEMENT_3D ( 'NONE', #2224, #1376, #2437 ) ;
#548 = CARTESIAN_POINT ( 'NONE',  ( -8.700000000000002842, -28.91304912743990485, -90.09063624081396426 ) ) ;
#549 = CARTESIAN_POINT ( 'NONE',  ( 15.50000000000000000, -51.53477739163884763, 21.19923129505410131 ) ) ;
#550 = VECTOR ( 'NONE', #1021, 1000.000000000000000 ) ;
#551 = FACE_OUTER_BOUND ( 'NONE', #964, .T. ) ;
#552 = EDGE_CURVE ( 'NONE', #655, #1597, #2729, .T. ) ;
#553 = PLANE ( 'NONE',  #879 ) ;
#554 = ORIENTED_EDGE ( 'NONE', *, *, #1113, .T. ) ;
#555 = LINE ( 'NONE', #352, #1732 ) ;
#556 = VECTOR ( 'NONE', #258, 1000.000000000000000 ) ;
#557 = EDGE_CURVE ( 'NONE', #857, #2774, #678, .T. ) ;
#558 = PLANE ( 'NONE',  #186 ) ;
#559 = CARTESIAN_POINT ( 'NONE',  ( 15.50000000000000000, -68.52843581539332263, -72.10986610637341698 ) ) ;
#560 = LINE ( 'NONE', #1162, #1442 ) ;
#561 = EDGE_LOOP ( 'NONE', ( #981, #213, #2071, #1592, #2686, #1955 ) ) ;
#562 = DIRECTION ( 'NONE',  ( -0.7171680569728818844, -0.1932607914070088029, 0.6695672069049363184 ) ) ;
#563 = DIRECTION ( 'NONE',  ( 0.000000000000000000, -1.000000000000000000, 0.000000000000000000 ) ) ;
#564 = VECTOR ( 'NONE', #886, 1000.000000000000000 ) ;
#565 = CARTESIAN_POINT ( 'NONE',  ( -7.816563279583467860, -39.95056101135676840, -93.31941859724689436 ) ) ;
#566 = LINE ( 'NONE', #1404, #550 ) ;
#567 = ORIENTED_EDGE ( 'NONE', *, *, #2331, .T. ) ;
#568 = EDGE_CURVE ( 'NONE', #1836, #2543, #2533, .T. ) ;
#569 = DIRECTION ( 'NONE',  ( 0.000000000000000000, -0.9659258262890706437, -0.2588190451025122463 ) ) ;
#570 = CARTESIAN_POINT ( 'NONE',  ( 16.50000000000000000, -68.52843581539332263, 57.89013389362658302 ) ) ;
#571 = ORIENTED_EDGE ( 'NONE', *, *, #1916, .F. ) ;
#572 = LINE ( 'NONE', #2292, #1045 ) ;
#573 = VERTEX_POINT ( 'NONE', #594 ) ;
#574 = VECTOR ( 'NONE', #2037, 1000.000000000000000 ) ;
#575 = DIRECTION ( 'NONE',  ( 0.000000000000000000, 0.000000000000000000, -1.000000000000000000 ) ) ;
#576 = DIRECTION ( 'NONE',  ( -1.000000000000000000, -2.996270723527080669E-17, -8.648297666416507395E-18 ) ) ;
#577 = CARTESIAN_POINT ( 'NONE',  ( -6.681356158756869945, -28.90160138769120834, -90.13029783524864058 ) ) ;
#578 = AXIS2_PLACEMENT_3D ( 'NONE', #775, #1210, #2491 ) ;
#579 = CARTESIAN_POINT ( 'NONE',  ( -16.30000000000000782, -27.67744412748940164, -90.31882421849553566 ) ) ;
#580 = CARTESIAN_POINT ( 'NONE',  ( 16.50000000000000000, -49.82320995641303796, 49.23240482293596187 ) ) ;
#581 = ORIENTED_EDGE ( 'NONE', *, *, #30, .T. ) ;
#582 = CARTESIAN_POINT ( 'NONE',  ( -18.50000000000000000, -20.56185709715559184, -107.3044665247730052 ) ) ;
#583 = VECTOR ( 'NONE', #2063, 1000.000000000000000 ) ;
#584 = CARTESIAN_POINT ( 'NONE',  ( -12.49999999999999822, -41.39513429522386190, -97.02894413646475869 ) ) ;
#585 = ORIENTED_EDGE ( 'NONE', *, *, #204, .F. ) ;
#586 = CYLINDRICAL_SURFACE ( 'NONE', #1668, 2.000000000000003997 ) ;
#587 = ORIENTED_EDGE ( 'NONE', *, *, #1216, .T. ) ;
#588 = EDGE_CURVE ( 'NONE', #2579, #1109, #185, .T. ) ;
#589 = VECTOR ( 'NONE', #1997, 1000.000000000000114 ) ;
#590 = PLANE ( 'NONE',  #2256 ) ;
#591 = EDGE_CURVE ( 'NONE', #2200, #1467, #2083, .T. ) ;
#592 = EDGE_CURVE ( 'NONE', #1701, #1037, #2398, .T. ) ;
#593 = PLANE ( 'NONE',  #2628 ) ;
#594 = CARTESIAN_POINT ( 'NONE',  ( -28.99999999999997868, -65.52843581539332263, -92.10986610637341698 ) ) ;
#595 = VECTOR ( 'NONE', #1284, 1000.000000000000000 ) ;
#596 = VECTOR ( 'NONE', #1249, 1000.000000000000000 ) ;
#597 = CARTESIAN_POINT ( 'NONE',  ( 45.14557498262445989, -32.89513429522406085, -97.02894413646446026 ) ) ;
#598 = DIRECTION ( 'NONE',  ( 0.000000000000000000, 0.2773148488694161529, -0.9607790977100474361 ) ) ;
#599 = EDGE_LOOP ( 'NONE', ( #64, #2603, #728, #780, #1134, #2416, #1709, #1754, #897, #2444, #830 ) ) ;
#600 = LINE ( 'NONE', #582, #358 ) ;
#601 = FACE_OUTER_BOUND ( 'NONE', #2182, .T. ) ;
#602 = ORIENTED_EDGE ( 'NONE', *, *, #2006, .T. ) ;
#603 = DIRECTION ( 'NONE',  ( -1.000000000000000000, 4.166715140063586407E-16, 1.202661446426823801E-16 ) ) ;
#604 = EDGE_LOOP ( 'NONE', ( #367, #2449, #1830, #1986 ) ) ;
#605 = LINE ( 'NONE', #633, #1032 ) ;
#606 = EDGE_CURVE ( 'NONE', #2059, #755, #1653, .T. ) ;
#607 = ADVANCED_FACE ( 'NONE', ( #1459 ), #1511, .F. ) ;
#608 = FACE_OUTER_BOUND ( 'NONE', #922, .T. ) ;
#609 = CARTESIAN_POINT ( 'NONE',  ( 12.49999999999999112, -41.51323490609146205, -94.31232307572690843 ) ) ;
#610 = ORIENTED_EDGE ( 'NONE', *, *, #1152, .F. ) ;
#611 = DIRECTION ( 'NONE',  ( -1.000000000000000000, 2.397016578821665028E-16, 6.918638133133207149E-17 ) ) ;
#612 = AXIS2_PLACEMENT_3D ( 'NONE', #1384, #1977, #2016 ) ;
#613 = LINE ( 'NONE', #1893, #143 ) ;
#614 = VERTEX_POINT ( 'NONE', #577 ) ;
#615 = DIRECTION ( 'NONE',  ( 0.000000000000000000, 0.9659258262890699775, 0.2588190451025144112 ) ) ;
#616 = ORIENTED_EDGE ( 'NONE', *, *, #2441, .T. ) ;
#617 = CARTESIAN_POINT ( 'NONE',  ( -18.50000000000000000, -16.54877267404409125, -70.73328281329381184 ) ) ;
#618 = LINE ( 'NONE', #1523, #463 ) ;
#619 = CARTESIAN_POINT ( 'NONE',  ( 12.50000000000000178, -25.63469666018047732, -89.72921500808985229 ) ) ;
#620 = VERTEX_POINT ( 'NONE', #1526 ) ;
#621 = CARTESIAN_POINT ( 'NONE',  ( 18.50000000000000000, -68.52843581539332263, -102.1098661063734170 ) ) ;
#622 = ADVANCED_FACE ( 'NONE', ( #2317 ), #465, .F. ) ;
#623 = AXIS2_PLACEMENT_3D ( 'NONE', #1685, #611, #2330 ) ;
#624 = EDGE_LOOP ( 'NONE', ( #1343, #2269, #196, #1250 ) ) ;
#625 = CARTESIAN_POINT ( 'NONE',  ( 16.50000000000000000, -14.61692102146595573, -70.21564472308878635 ) ) ;
#626 = ADVANCED_FACE ( 'NONE', ( #1236 ), #2713, .T. ) ;
#627 = PLANE ( 'NONE',  #2676 ) ;
#628 = ORIENTED_EDGE ( 'NONE', *, *, #1937, .T. ) ;
#629 = EDGE_CURVE ( 'NONE', #1636, #39, #230, .T. ) ;
#630 = LINE ( 'NONE', #2573, #63 ) ;
#631 = AXIS2_PLACEMENT_3D ( 'NONE', #76, #667, #711 ) ;
#632 = ORIENTED_EDGE ( 'NONE', *, *, #1841, .T. ) ;
#633 = CARTESIAN_POINT ( 'NONE',  ( -16.50000000000000355, -68.52843581539332263, 57.89013389362658302 ) ) ;
#634 = ORIENTED_EDGE ( 'NONE', *, *, #737, .T. ) ;
#635 = ORIENTED_EDGE ( 'NONE', *, *, #2331, .F. ) ;
#636 = LINE ( 'NONE', #1708, #2578 ) ;
#637 = ORIENTED_EDGE ( 'NONE', *, *, #816, .T. ) ;
#638 = ADVANCED_FACE ( 'NONE', ( #449 ), #1927, .T. ) ;
#639 = VECTOR ( 'NONE', #2513, 1000.000000000000000 ) ;
#640 = FACE_OUTER_BOUND ( 'NONE', #545, .T. ) ;
#641 = VECTOR ( 'NONE', #244, 1000.000000000000000 ) ;
#642 = ORIENTED_EDGE ( 'NONE', *, *, #1624, .F. ) ;
#643 = DIRECTION ( 'NONE',  ( -1.000000000000000000, 0.000000000000000000, 0.000000000000000000 ) ) ;
#644 = EDGE_CURVE ( 'NONE', #177, #1109, #1959, .T. ) ;
#645 = VECTOR ( 'NONE', #2386, 1000.000000000000000 ) ;
#646 = ORIENTED_EDGE ( 'NONE', *, *, #2612, .F. ) ;
#647 = EDGE_CURVE ( 'NONE', #1491, #2274, #2620, .T. ) ;
#648 = LINE ( 'NONE', #1688, #641 ) ;
#649 = CARTESIAN_POINT ( 'NONE',  ( 18.50000000000000000, -26.32443435597217984, -61.29593987482756745 ) ) ;
#650 = EDGE_CURVE ( 'NONE', #1743, #1705, #1945, .T. ) ;
#651 = ORIENTED_EDGE ( 'NONE', *, *, #2510, .T. ) ;
#652 = AXIS2_PLACEMENT_3D ( 'NONE', #1643, #2472, #2047 ) ;
#653 = CARTESIAN_POINT ( 'NONE',  ( -18.50000000000000000, -30.07173424209107893, -74.35674944472901871 ) ) ;
#654 = LINE ( 'NONE', #2211, #2334 ) ;
#655 = VERTEX_POINT ( 'NONE', #19 ) ;
#656 = ORIENTED_EDGE ( 'NONE', *, *, #320, .T. ) ;
#657 = DIRECTION ( 'NONE',  ( 1.000000000000000000, -0.000000000000000000, -0.000000000000000000 ) ) ;
#658 = VERTEX_POINT ( 'NONE', #2594 ) ;
#659 = CARTESIAN_POINT ( 'NONE',  ( 18.50000000000000000, -35.09982425510538206, -63.64729851156845797 ) ) ;
#660 = ORIENTED_EDGE ( 'NONE', *, *, #552, .T. ) ;
#661 = DIRECTION ( 'NONE',  ( 0.000000000000000000, 0.2773148488694133218, -0.9607790977100483243 ) ) ;
#662 = ORIENTED_EDGE ( 'NONE', *, *, #592, .T. ) ;
#663 = DIRECTION ( 'NONE',  ( -0.000000000000000000, 0.9998065212833885385, 0.01967028213344334045 ) ) ;
#664 = LINE ( 'NONE', #1116, #788 ) ;
#665 = VECTOR ( 'NONE', #68, 1000.000000000000000 ) ;
#666 = CARTESIAN_POINT ( 'NONE',  ( 28.99999999999997868, -68.52843581539332263, 47.89013389362658302 ) ) ;
#667 = DIRECTION ( 'NONE',  ( 0.000000000000000000, 0.000000000000000000, -1.000000000000000000 ) ) ;
#668 = ORIENTED_EDGE ( 'NONE', *, *, #522, .T. ) ;
#669 = ORIENTED_EDGE ( 'NONE', *, *, #975, .F. ) ;
#670 = FACE_OUTER_BOUND ( 'NONE', #2433, .T. ) ;
#671 = ORIENTED_EDGE ( 'NONE', *, *, #1282, .T. ) ;
#672 = FACE_OUTER_BOUND ( 'NONE', #275, .T. ) ;
#673 = CARTESIAN_POINT ( 'NONE',  ( 15.50000000000000000, -48.63699991277163548, 21.97568843036164665 ) ) ;
#674 = ORIENTED_EDGE ( 'NONE', *, *, #916, .T. ) ;
#675 = DIRECTION ( 'NONE',  ( 1.000000000000000000, 0.000000000000000000, 0.000000000000000000 ) ) ;
#676 = DIRECTION ( 'NONE',  ( -1.000000000000000000, -2.996270723527080669E-17, -8.648297666416508936E-18 ) ) ;
#677 = CARTESIAN_POINT ( 'NONE',  ( -18.50000000000000000, -68.52843581539332263, 30.89071444210019379 ) ) ;
#678 = LINE ( 'NONE', #1738, #595 ) ;
#679 = AXIS2_PLACEMENT_3D ( 'NONE', #2106, #2353, #1246 ) ;
#680 = CARTESIAN_POINT ( 'NONE',  ( 18.50000000000000000, -20.20466045505769515, -108.5420023758066606 ) ) ;
#681 = VERTEX_POINT ( 'NONE', #1750 ) ;
#682 = ORIENTED_EDGE ( 'NONE', *, *, #2158, .F. ) ;
#683 = EDGE_CURVE ( 'NONE', #361, #1689, #2381, .T. ) ;
#684 = VECTOR ( 'NONE', #516, 1000.000000000000000 ) ;
#685 = ORIENTED_EDGE ( 'NONE', *, *, #1216, .F. ) ;
#686 = EDGE_CURVE ( 'NONE', #1275, #66, #1604, .T. ) ;
#687 = DIRECTION ( 'NONE',  ( 4.166715140063586407E-16, 1.000000000000000000, 0.000000000000000000 ) ) ;
#688 = VECTOR ( 'NONE', #436, 1000.000000000000000 ) ;
#689 = AXIS2_PLACEMENT_3D ( 'NONE', #759, #348, #1207 ) ;
#690 = VECTOR ( 'NONE', #1634, 1000.000000000000114 ) ;
#691 = CARTESIAN_POINT ( 'NONE',  ( -16.50000000000000355, -30.07173424209107893, -74.35674944472901871 ) ) ;
#692 = CARTESIAN_POINT ( 'NONE',  ( -8.700000000000009948, -32.89513429522385479, -97.02894413646475869 ) ) ;
#693 = VECTOR ( 'NONE', #2186, 999.9999999999998863 ) ;
#694 = DIRECTION ( 'NONE',  ( 0.7030852074069748880, 0.000000000000000000, -0.7111056117944022370 ) ) ;
#695 = AXIS2_PLACEMENT_3D ( 'NONE', #1288, #219, #1904 ) ;
#696 = DIRECTION ( 'NONE',  ( 1.000000000000000000, -0.000000000000000000, -0.000000000000000000 ) ) ;
#697 = DIRECTION ( 'NONE',  ( -1.000000000000000000, -0.000000000000000000, -0.000000000000000000 ) ) ;
#698 = VERTEX_POINT ( 'NONE', #104 ) ;
#699 = CIRCLE ( 'NONE', #1052, 16.00000000000000000 ) ;
#700 = VERTEX_POINT ( 'NONE', #2653 ) ;
#701 = ORIENTED_EDGE ( 'NONE', *, *, #96, .T. ) ;
#702 = CLOSED_SHELL ( 'NONE', ( #2390, #840, #59, #838, #520, #2212, #1000, #1559, #2004, #1699, #51, #298, #2046, #1735, #1681, #422, #705, #2078, #1398, #1642, #1023, #519, #2265, #306, #1645, #1647, #2663, #1440, #2716, #435, #895, #626, #1202, #1184, #1232, #607, #622, #1797, #349, #102, #721, #115, #1569, #2406, #2316, #2145, #502, #356, #1733, #1715, #2633, #2041, #1608, #2761, #366, #1321, #385, #175, #1296, #397, #2785, #101, #2646, #2501, #2789, #1305, #1347, #1712, #505, #1492, #1508, #2121, #1985, #638, #939, #2179, #1419, #2470, #1058, #2550, #717, #1998, #2541, #2052, #198, #2507, #1355, #345, #2097 ) ) ;
#703 = EDGE_CURVE ( 'NONE', #2738, #361, #61, .T. ) ;
#704 = CARTESIAN_POINT ( 'NONE',  ( 18.50000000000000000, -51.53477739163884763, 21.19923129505410131 ) ) ;
#705 = ADVANCED_FACE ( 'NONE', ( #2452 ), #285, .F. ) ;
#706 = CARTESIAN_POINT ( 'NONE',  ( 18.50000000000000000, -25.63469666018047732, -89.72921500808980966 ) ) ;
#707 = CARTESIAN_POINT ( 'NONE',  ( 12.49999999999999822, -31.39513429522387256, -97.02894413646475869 ) ) ;
#708 = FACE_BOUND ( 'NONE', #400, .T. ) ;
#709 = EDGE_CURVE ( 'NONE', #700, #1675, #1160, .T. ) ;
#710 = PLANE ( 'NONE',  #1988 ) ;
#711 = DIRECTION ( 'NONE',  ( -1.000000000000000000, 0.000000000000000000, -0.000000000000000000 ) ) ;
#712 = ORIENTED_EDGE ( 'NONE', *, *, #1916, .T. ) ;
#713 = ORIENTED_EDGE ( 'NONE', *, *, #2419, .F. ) ;
#714 = EDGE_LOOP ( 'NONE', ( #1572, #478, #2378, #1741 ) ) ;
#715 = EDGE_CURVE ( 'NONE', #1567, #1594, #2025, .T. ) ;
#716 = CARTESIAN_POINT ( 'NONE',  ( 12.50000000000001243, -20.56185709715558829, -107.3044665247730052 ) ) ;
#717 = ADVANCED_FACE ( 'NONE', ( #2638 ), #902, .T. ) ;
#718 = CARTESIAN_POINT ( 'NONE',  ( -16.50000000000000355, -68.52843581539332263, 57.89013389362658302 ) ) ;
#719 = ORIENTED_EDGE ( 'NONE', *, *, #1484, .F. ) ;
#720 = DIRECTION ( 'NONE',  ( 0.000000000000000000, 0.000000000000000000, -1.000000000000000000 ) ) ;
#721 = ADVANCED_FACE ( 'NONE', ( #272 ), #710, .F. ) ;
#722 = CARTESIAN_POINT ( 'NONE',  ( -19.21999999999999886, -42.46605186539409260, -93.40714498279402278 ) ) ;
#723 = DIRECTION ( 'NONE',  ( -0.000000000000000000, -1.000000000000000000, -0.000000000000000000 ) ) ;
#724 = DIRECTION ( 'NONE',  ( 0.000000000000000000, 0.9607790977100488794, 0.2773148488694113234 ) ) ;
#725 = ORIENTED_EDGE ( 'NONE', *, *, #2521, .T. ) ;
#726 = AXIS2_PLACEMENT_3D ( 'NONE', #1474, #1051, #376 ) ;
#727 = ORIENTED_EDGE ( 'NONE', *, *, #259, .T. ) ;
#728 = ORIENTED_EDGE ( 'NONE', *, *, #2006, .F. ) ;
#729 = CARTESIAN_POINT ( 'NONE',  ( -18.50000000000000000, -45.31726840629644926, 36.63220491680336011 ) ) ;
#730 = CARTESIAN_POINT ( 'NONE',  ( -18.50000000000000000, -68.52843581539332263, -75.11734839642288364 ) ) ;
#731 = CIRCLE ( 'NONE', #1543, 9.239135883730593690 ) ;
#732 = DIRECTION ( 'NONE',  ( -1.000000000000000000, -0.000000000000000000, -0.000000000000000000 ) ) ;
#733 = VERTEX_POINT ( 'NONE', #75 ) ;
#734 = DIRECTION ( 'NONE',  ( 0.000000000000000000, -0.9607790977100508778, -0.2773148488694043845 ) ) ;
#735 = EDGE_CURVE ( 'NONE', #2028, #1505, #260, .T. ) ;
#736 = EDGE_CURVE ( 'NONE', #857, #2750, #752, .T. ) ;
#737 = EDGE_CURVE ( 'NONE', #1388, #1947, #501, .T. ) ;
#738 = FACE_OUTER_BOUND ( 'NONE', #1263, .T. ) ;
#739 = LINE ( 'NONE', #1589, #684 ) ;
#740 = DIRECTION ( 'NONE',  ( 1.000000000000000000, 0.000000000000000000, -0.000000000000000000 ) ) ;
#741 = ORIENTED_EDGE ( 'NONE', *, *, #147, .F. ) ;
#742 = ORIENTED_EDGE ( 'NONE', *, *, #816, .F. ) ;
#743 = ORIENTED_EDGE ( 'NONE', *, *, #116, .F. ) ;
#744 = CIRCLE ( 'NONE', #1233, 8.701599496106895870 ) ;
#745 = PLANE ( 'NONE',  #264 ) ;
#746 = AXIS2_PLACEMENT_3D ( 'NONE', #2087, #1007, #161 ) ;
#747 = AXIS2_PLACEMENT_3D ( 'NONE', #528, #1800, #959 ) ;
#748 = CARTESIAN_POINT ( 'NONE',  ( -15.50000000000000355, -68.52843581539332263, -72.10986610637341698 ) ) ;
#749 = ORIENTED_EDGE ( 'NONE', *, *, #853, .F. ) ;
#750 = CARTESIAN_POINT ( 'NONE',  ( 28.99999999999997868, -68.52843581539332263, 37.89013389362658302 ) ) ;
#751 = CARTESIAN_POINT ( 'NONE',  ( 18.50000000000000000, -68.52843581539332263, -72.10986610637341698 ) ) ;
#752 = LINE ( 'NONE', #932, #1396 ) ;
#753 = ORIENTED_EDGE ( 'NONE', *, *, #15, .T. ) ;
#754 = ORIENTED_EDGE ( 'NONE', *, *, #1018, .F. ) ;
#755 = VERTEX_POINT ( 'NONE', #1172 ) ;
#756 = TOROIDAL_SURFACE ( 'NONE', #1965, 14.00000000000000711, 2.000000000000000000 ) ;
#757 = FACE_OUTER_BOUND ( 'NONE', #2027, .T. ) ;
#758 = LINE ( 'NONE', #146, #1745 ) ;
#759 = CARTESIAN_POINT ( 'NONE',  ( -18.50000000000000000, -68.32530352411407648, 30.46722048755738044 ) ) ;
#760 = PLANE ( 'NONE',  #920 ) ;
#761 = ORIENTED_EDGE ( 'NONE', *, *, #383, .F. ) ;
#762 = FACE_OUTER_BOUND ( 'NONE', #287, .T. ) ;
#763 = DIRECTION ( 'NONE',  ( 0.000000000000000000, 0.000000000000000000, -1.000000000000000000 ) ) ;
#764 = CARTESIAN_POINT ( 'NONE',  ( -12.49999999999999822, -44.53367227218047475, -110.7964578466064864 ) ) ;
#765 = EDGE_CURVE ( 'NONE', #2014, #32, #1761, .T. ) ;
#766 = VECTOR ( 'NONE', #1690, 1000.000000000000114 ) ;
#767 = ORIENTED_EDGE ( 'NONE', *, *, #591, .T. ) ;
#768 = CARTESIAN_POINT ( 'NONE',  ( -1.106474569878272724E-16, -61.02150591166338955, -17.61296611261600020 ) ) ;
#769 = CARTESIAN_POINT ( 'NONE',  ( 16.50000000000000000, -68.52843581539332263, 57.89013389362658302 ) ) ;
#770 = CIRCLE ( 'NONE', #2431, 14.00000000000001243 ) ;
#771 = EDGE_CURVE ( 'NONE', #49, #951, #486, .T. ) ;
#772 = DIRECTION ( 'NONE',  ( 0.000000000000000000, -1.000000000000000000, 0.000000000000000000 ) ) ;
#773 = CYLINDRICAL_SURFACE ( 'NONE', #2267, 2.000000000000001776 ) ;
#774 = ORIENTED_EDGE ( 'NONE', *, *, #2350, .T. ) ;
#775 = CARTESIAN_POINT ( 'NONE',  ( 15.50000000000000000, -35.09982425510538206, -63.64729851156845797 ) ) ;
#776 = DIRECTION ( 'NONE',  ( 0.000000000000000000, -0.9607790977100485463, -0.2773148488694123226 ) ) ;
#777 = CARTESIAN_POINT ( 'NONE',  ( -18.50000000000000000, -43.32572789688926918, -90.42872977989290462 ) ) ;
#778 = CARTESIAN_POINT ( 'NONE',  ( 28.99999999999997868, -65.52843581539332263, -82.10986610637343119 ) ) ;
#779 = AXIS2_PLACEMENT_3D ( 'NONE', #214, #2299, #2368 ) ;
#780 = ORIENTED_EDGE ( 'NONE', *, *, #2647, .F. ) ;
#781 = VECTOR ( 'NONE', #121, 1000.000000000000000 ) ;
#782 = PLANE ( 'NONE',  #1992 ) ;
#783 = CARTESIAN_POINT ( 'NONE',  ( 28.99999999999997868, -65.52843581539332263, -82.10986610637343119 ) ) ;
#784 = VECTOR ( 'NONE', #928, 1000.000000000000000 ) ;
#785 = LINE ( 'NONE', #2502, #1943 ) ;
#786 = DIRECTION ( 'NONE',  ( 0.000000000000000000, 0.000000000000000000, 1.000000000000000000 ) ) ;
#787 = ORIENTED_EDGE ( 'NONE', *, *, #304, .F. ) ;
#788 = VECTOR ( 'NONE', #1280, 999.9999999999998863 ) ;
#789 = PLANE ( 'NONE',  #1673 ) ;
#790 = VERTEX_POINT ( 'NONE', #1818 ) ;
#791 = LINE ( 'NONE', #1652, #2354 ) ;
#792 = CARTESIAN_POINT ( 'NONE',  ( -7.816563279583467860, -28.91304912743990485, -90.09063624081396426 ) ) ;
#793 = EDGE_CURVE ( 'NONE', #2680, #2688, #530, .T. ) ;
#794 = AXIS2_PLACEMENT_3D ( 'NONE', #2457, #1335, #2242 ) ;
#795 = LINE ( 'NONE', #2272, #1226 ) ;
#796 = PLANE ( 'NONE',  #652 ) ;
#797 = ORIENTED_EDGE ( 'NONE', *, *, #927, .T. ) ;
#798 = CARTESIAN_POINT ( 'NONE',  ( 12.49999999999999822, -34.39513429522386190, -97.02894413646475869 ) ) ;
#799 = EDGE_CURVE ( 'NONE', #2568, #1388, #2678, .T. ) ;
#800 = CARTESIAN_POINT ( 'NONE',  ( -7.816563279583467860, -39.96200875110546491, -93.27975700281221805 ) ) ;
#801 = ORIENTED_EDGE ( 'NONE', *, *, #1794, .F. ) ;
#802 = LINE ( 'NONE', #1408, #1176 ) ;
#803 = EDGE_CURVE ( 'NONE', #469, #84, #739, .T. ) ;
#804 = ORIENTED_EDGE ( 'NONE', *, *, #975, .T. ) ;
#805 = DIRECTION ( 'NONE',  ( -1.000000000000000000, -0.000000000000000000, -0.000000000000000000 ) ) ;
#806 = DIRECTION ( 'NONE',  ( 2.040851148208006519E-16, -1.000000000000000000, 0.000000000000000000 ) ) ;
#807 = DIRECTION ( 'NONE',  ( 1.000000000000000000, 0.000000000000000000, 0.000000000000000000 ) ) ;
#808 = DIRECTION ( 'NONE',  ( -0.7171680569728818844, -0.1932607914070088029, 0.6695672069049363184 ) ) ;
#809 = PRODUCT_DEFINITION_FORMATION_WITH_SPECIFIED_SOURCE ( 'ANY', '', #2111, .NOT_KNOWN. ) ;
#810 = CARTESIAN_POINT ( 'NONE',  ( -8.700000000000002842, -28.91304912743990485, -90.09063624081396426 ) ) ;
#811 = ORIENTED_EDGE ( 'NONE', *, *, #1694, .F. ) ;
#812 = DIRECTION ( 'NONE',  ( 0.000000000000000000, -0.000000000000000000, 1.000000000000000000 ) ) ;
#813 = CIRCLE ( 'NONE', #2251, 9.239135883730593690 ) ;
#814 = CARTESIAN_POINT ( 'NONE',  ( 17.67157287525381193, -68.52843581539332263, 57.89013389362657591 ) ) ;
#815 = ORIENTED_EDGE ( 'NONE', *, *, #1414, .T. ) ;
#816 = EDGE_CURVE ( 'NONE', #1478, #1894, #2617, .T. ) ;
#817 = DIRECTION ( 'NONE',  ( 1.000000000000000000, 0.000000000000000000, 0.000000000000000000 ) ) ;
#818 = EDGE_CURVE ( 'NONE', #1814, #842, #839, .T. ) ;
#819 = ORIENTED_EDGE ( 'NONE', *, *, #259, .F. ) ;
#820 = AXIS2_PLACEMENT_3D ( 'NONE', #2073, #1855, #1420 ) ;
#821 = DIRECTION ( 'NONE',  ( 0.000000000000000000, -0.9439808254589819869, 0.3300003047964940595 ) ) ;
#822 = PLANE ( 'NONE',  #824 ) ;
#823 = AXIS2_PLACEMENT_3D ( 'NONE', #2339, #58, #1269 ) ;
#824 = AXIS2_PLACEMENT_3D ( 'NONE', #2315, #382, #1682 ) ;
#825 = LINE ( 'NONE', #2585, #1065 ) ;
#826 = ORIENTED_EDGE ( 'NONE', *, *, #2487, .F. ) ;
#827 = DIRECTION ( 'NONE',  ( 0.000000000000000000, -1.000000000000000000, 0.000000000000000000 ) ) ;
#828 = CIRCLE ( 'NONE', #1191, 3.000000000000004441 ) ;
#829 = CARTESIAN_POINT ( 'NONE',  ( 18.50000000000000000, -60.45909735432832122, 18.80796696805457557 ) ) ;
#830 = ORIENTED_EDGE ( 'NONE', *, *, #2556, .T. ) ;
#831 = DIRECTION ( 'NONE',  ( 1.000000000000000000, 0.000000000000000000, 0.000000000000000000 ) ) ;
#832 = VECTOR ( 'NONE', #2153, 1000.000000000000000 ) ;
#833 = ORIENTED_EDGE ( 'NONE', *, *, #737, .F. ) ;
#834 = DIRECTION ( 'NONE',  ( 1.000000000000000000, 0.000000000000000000, 0.000000000000000000 ) ) ;
#835 = CARTESIAN_POINT ( 'NONE',  ( -17.25735931288071612, -68.52843581539332263, 27.89013389362658302 ) ) ;
#836 = CARTESIAN_POINT ( 'NONE',  ( -19.21999999999999886, -43.60304274575868533, -89.46795068218285962 ) ) ;
#837 = ORIENTED_EDGE ( 'NONE', *, *, #1006, .F. ) ;
#838 = ADVANCED_FACE ( 'NONE', ( #476 ), #327, .F. ) ;
#839 =( BOUNDED_CURVE ( )  B_SPLINE_CURVE ( 3, ( #118, #1661, #2040, #559 ),
 .UNSPECIFIED., .F., .T. ) 
 B_SPLINE_CURVE_WITH_KNOTS ( ( 4, 4 ),
 ( 4.712388980384689674, 6.283185307179586232 ),
 .UNSPECIFIED. ) 
 CURVE ( )  GEOMETRIC_REPRESENTATION_ITEM ( )  RATIONAL_B_SPLINE_CURVE ( ( 1.000000000000000000, 0.8047378541243649375, 0.8047378541243649375, 1.000000000000000000 ) ) 
 REPRESENTATION_ITEM ( '' )  );
#840 = ADVANCED_FACE ( 'NONE', ( #2268 ), #1421, .T. ) ;
#841 = CARTESIAN_POINT ( 'NONE',  ( -18.50000000000000000, -42.46605186539409260, -93.40714498279402278 ) ) ;
#842 = VERTEX_POINT ( 'NONE', #2520 ) ;
#843 = FACE_OUTER_BOUND ( 'NONE', #1723, .T. ) ;
#844 = CARTESIAN_POINT ( 'NONE',  ( -18.50000000000000000, -60.45909735432832122, 47.89013389362658302 ) ) ;
#845 = ORIENTED_EDGE ( 'NONE', *, *, #1020, .F. ) ;
#846 = DIRECTION ( 'NONE',  ( 0.000000000000000000, 0.000000000000000000, 1.000000000000000000 ) ) ;
#847 = EDGE_LOOP ( 'NONE', ( #1871, #1278, #1729, #1521 ) ) ;
#848 = EDGE_CURVE ( 'NONE', #467, #2600, #802, .T. ) ;
#849 = CARTESIAN_POINT ( 'NONE',  ( 28.99999999999997868, -68.52843581539332263, -92.10986610637341698 ) ) ;
#850 = ORIENTED_EDGE ( 'NONE', *, *, #606, .T. ) ;
#851 = PLANE ( 'NONE',  #695 ) ;
#852 = VERTEX_POINT ( 'NONE', #1869 ) ;
#853 = EDGE_CURVE ( 'NONE', #278, #66, #2164, .T. ) ;
#854 = DIRECTION ( 'NONE',  ( 0.000000000000000000, 0.000000000000000000, 1.000000000000000000 ) ) ;
#855 = EDGE_CURVE ( 'NONE', #1747, #681, #1035, .T. ) ;
#856 = VECTOR ( 'NONE', #2788, 1000.000000000000000 ) ;
#857 = VERTEX_POINT ( 'NONE', #2726 ) ;
#858 = PLANE ( 'NONE',  #987 ) ;
#859 = EDGE_LOOP ( 'NONE', ( #42, #2656, #1091, #2442 ) ) ;
#860 = DIRECTION ( 'NONE',  ( 0.000000000000000000, 0.2588190451025141892, -0.9659258262890700886 ) ) ;
#861 = DIRECTION ( 'NONE',  ( 1.000000000000000000, 2.996270723527081285E-17, 8.648297666416508936E-18 ) ) ;
#862 = VECTOR ( 'NONE', #466, 1000.000000000000000 ) ;
#863 = ORIENTED_EDGE ( 'NONE', *, *, #2484, .T. ) ;
#864 = CARTESIAN_POINT ( 'NONE',  ( 12.49999999999999112, -36.65490698379899470, -111.9494902433356742 ) ) ;
#865 = CARTESIAN_POINT ( 'NONE',  ( 28.99999999999997868, -68.52843581539332263, -82.10986610637343119 ) ) ;
#866 = ORIENTED_EDGE ( 'NONE', *, *, #2719, .F. ) ;
#867 = ORIENTED_EDGE ( 'NONE', *, *, #592, .F. ) ;
#868 = CIRCLE ( 'NONE', #2397, 6.084952136383825483 ) ;
#869 = LINE ( 'NONE', #836, #2762 ) ;
#870 = ORIENTED_EDGE ( 'NONE', *, *, #1637, .T. ) ;
#871 = EDGE_CURVE ( 'NONE', #1567, #2376, #2477, .T. ) ;
#872 = CARTESIAN_POINT ( 'NONE',  ( 17.25735931288071257, -68.52843581539332263, 27.89013389362657946 ) ) ;
#873 = ORIENTED_EDGE ( 'NONE', *, *, #2288, .T. ) ;
#874 = DIRECTION ( 'NONE',  ( 0.000000000000000000, -0.000000000000000000, -1.000000000000000000 ) ) ;
#875 = TOROIDAL_SURFACE ( 'NONE', #1771, 9.084952136383828147, 3.000000000000000000 ) ;
#876 = EDGE_LOOP ( 'NONE', ( #1175, #2427, #2508, #3 ) ) ;
#877 = CARTESIAN_POINT ( 'NONE',  ( 28.99999999999997868, -65.52843581539332263, 47.89013389362658302 ) ) ;
#878 = DIRECTION ( 'NONE',  ( 0.000000000000000000, 1.000000000000000000, 0.000000000000000000 ) ) ;
#879 = AXIS2_PLACEMENT_3D ( 'NONE', #360, #598, #1670 ) ;
#880 = CARTESIAN_POINT ( 'NONE',  ( 18.50000000000000000, -68.52843581539332263, -102.1098661063734170 ) ) ;
#881 = LINE ( 'NONE', #1553, #1084 ) ;
#882 = ORIENTED_EDGE ( 'NONE', *, *, #771, .F. ) ;
#883 = ORIENTED_EDGE ( 'NONE', *, *, #2295, .T. ) ;
#884 = CARTESIAN_POINT ( 'NONE',  ( -18.50000000000000000, -68.52843581539332263, 57.89013389362658302 ) ) ;
#885 = ORIENTED_EDGE ( 'NONE', *, *, #2405, .T. ) ;
#886 = DIRECTION ( 'NONE',  ( 0.000000000000000000, 0.000000000000000000, -1.000000000000000000 ) ) ;
#887 = CARTESIAN_POINT ( 'NONE',  ( 1.106474569878272724E-16, -51.41371493456289699, -14.83981762392187420 ) ) ;
#888 = EDGE_LOOP ( 'NONE', ( #2554, #2239, #1677, #2752 ) ) ;
#889 = DIRECTION ( 'NONE',  ( 0.000000000000000000, -0.9659258262890699775, -0.2588190451025146888 ) ) ;
#890 = DIRECTION ( 'NONE',  ( 0.000000000000000000, 0.01967028213344333698, -0.9998065212833884274 ) ) ;
#891 = VECTOR ( 'NONE', #1385, 1000.000000000000000 ) ;
#892 = EDGE_CURVE ( 'NONE', #2557, #2740, #1213, .T. ) ;
#893 = CARTESIAN_POINT ( 'NONE',  ( -12.50000000000000888, -41.34548338327577000, -94.95302648860089789 ) ) ;
#894 = PLANE ( 'NONE',  #321 ) ;
#895 = ADVANCED_FACE ( 'NONE', ( #1619 ), #586, .T. ) ;
#896 = EDGE_LOOP ( 'NONE', ( #1650, #256, #414, #193 ) ) ;
#897 = ORIENTED_EDGE ( 'NONE', *, *, #647, .T. ) ;
#898 = ORIENTED_EDGE ( 'NONE', *, *, #31, .T. ) ;
#899 = DIRECTION ( 'NONE',  ( 1.000000000000000000, -4.166715140063586407E-16, -1.202661446426823555E-16 ) ) ;
#900 = CARTESIAN_POINT ( 'NONE',  ( 15.50000000000000000, -34.45937741928258191, -72.70964827147453491 ) ) ;
#901 = CARTESIAN_POINT ( 'NONE',  ( 15.50000000000000000, -68.52843581539332263, 27.89013389362658657 ) ) ;
#902 = CYLINDRICAL_SURFACE ( 'NONE', #2347, 3.000000000000004441 ) ;
#903 = AXIS2_PLACEMENT_3D ( 'NONE', #369, #2122, #2296 ) ;
#904 = DIRECTION ( 'NONE',  ( -2.212949139756545572E-17, -0.9607790977100484353, -0.2773148488694124891 ) ) ;
#905 = EDGE_LOOP ( 'NONE', ( #2227, #302, #424, #753 ) ) ;
#906 = EDGE_CURVE ( 'NONE', #1814, #2722, #379, .T. ) ;
#907 = EDGE_LOOP ( 'NONE', ( #107, #208, #2322, #602 ) ) ;
#908 = ORIENTED_EDGE ( 'NONE', *, *, #238, .T. ) ;
#909 = LINE ( 'NONE', #1991, #665 ) ;
#910 = VECTOR ( 'NONE', #371, 1000.000000000000000 ) ;
#911 = VECTOR ( 'NONE', #2366, 1000.000000000000114 ) ;
#912 = CYLINDRICAL_SURFACE ( 'NONE', #2359, 2.000000000000002220 ) ;
#913 = DIRECTION ( 'NONE',  ( 0.000000000000000000, 1.000000000000000000, 0.000000000000000000 ) ) ;
#914 = DIRECTION ( 'NONE',  ( 0.000000000000000000, 0.000000000000000000, 1.000000000000000000 ) ) ;
#915 = AXIS2_PLACEMENT_3D ( 'NONE', #202, #2771, #2553 ) ;
#916 = EDGE_CURVE ( 'NONE', #229, #1693, #813, .T. ) ;
#917 = CARTESIAN_POINT ( 'NONE',  ( 28.99999999999997868, -68.52843581539332263, 47.89013389362658302 ) ) ;
#918 = DIRECTION ( 'NONE',  ( 0.000000000000000000, -0.9659258262890705327, -0.2588190451025126904 ) ) ;
#919 = VERTEX_POINT ( 'NONE', #1840 ) ;
#920 = AXIS2_PLACEMENT_3D ( 'NONE', #323, #2721, #786 ) ;
#921 = VERTEX_POINT ( 'NONE', #2709 ) ;
#922 = EDGE_LOOP ( 'NONE', ( #1713, #1317, #1807, #804 ) ) ;
#923 = COLOUR_RGB ( '',0.7921568627450980005, 0.8196078431372548767, 0.9333333333333333481 ) ;
#924 = EDGE_CURVE ( 'NONE', #2688, #2673, #1027, .T. ) ;
#925 = FACE_OUTER_BOUND ( 'NONE', #396, .T. ) ;
#926 = EDGE_CURVE ( 'NONE', #1008, #935, #1883, .T. ) ;
#927 = EDGE_CURVE ( 'NONE', #277, #106, #2308, .T. ) ;
#928 = DIRECTION ( 'NONE',  ( 0.000000000000000000, 0.000000000000000000, -1.000000000000000000 ) ) ;
#929 = ORIENTED_EDGE ( 'NONE', *, *, #481, .T. ) ;
#930 = PLANE ( 'NONE',  #2174 ) ;
#931 = CYLINDRICAL_SURFACE ( 'NONE', #2300, 3.000000000000004441 ) ;
#932 = CARTESIAN_POINT ( 'NONE',  ( 28.99999999999997868, -65.52843581539332263, -82.10986610637343119 ) ) ;
#933 = AXIS2_PLACEMENT_3D ( 'NONE', #2067, #2232, #1847 ) ;
#934 = CARTESIAN_POINT ( 'NONE',  ( -18.50000000000000000, -43.32572789688926918, -90.42872977989290462 ) ) ;
#935 = VERTEX_POINT ( 'NONE', #2537 ) ;
#936 = ORIENTED_EDGE ( 'NONE', *, *, #1884, .F. ) ;
#937 = EDGE_LOOP ( 'NONE', ( #488, #1716, #1300, #1121 ) ) ;
#938 = DIRECTION ( 'NONE',  ( 0.000000000000000000, 0.000000000000000000, -1.000000000000000000 ) ) ;
#939 = ADVANCED_FACE ( 'NONE', ( #1856 ), #1898, .T. ) ;
#940 = EDGE_CURVE ( 'NONE', #921, #1153, #572, .T. ) ;
#941 = EDGE_CURVE ( 'NONE', #452, #2009, #2075, .T. ) ;
#942 = DIRECTION ( 'NONE',  ( 0.000000000000000000, 0.000000000000000000, -1.000000000000000000 ) ) ;
#943 = VERTEX_POINT ( 'NONE', #1506 ) ;
#944 = FACE_OUTER_BOUND ( 'NONE', #470, .T. ) ;
#945 = FACE_OUTER_BOUND ( 'NONE', #1209, .T. ) ;
#946 = VECTOR ( 'NONE', #207, 999.9999999999998863 ) ;
#947 = CARTESIAN_POINT ( 'NONE',  ( -17.25735931288071612, -68.52843581539332263, -72.10986610637341698 ) ) ;
#948 = APPLICATION_PROTOCOL_DEFINITION ( 'draft international standard', 'automotive_design', 1998, #2648 ) ;
#949 = ORIENTED_EDGE ( 'NONE', *, *, #1018, .T. ) ;
#950 = ORIENTED_EDGE ( 'NONE', *, *, #491, .F. ) ;
#951 = VERTEX_POINT ( 'NONE', #1490 ) ;
#952 = CIRCLE ( 'NONE', #402, 9.239135883730593690 ) ;
#953 = VECTOR ( 'NONE', #2012, 1000.000000000000000 ) ;
#954 = DIRECTION ( 'NONE',  ( 0.000000000000000000, -0.2588190451025141892, 0.9659258262890700886 ) ) ;
#955 = DIRECTION ( 'NONE',  ( 0.000000000000000000, 0.2588190451025143557, -0.9659258262890699775 ) ) ;
#956 = VECTOR ( 'NONE', #997, 1000.000000000000000 ) ;
#957 = CARTESIAN_POINT ( 'NONE',  ( -15.50000000000000355, -60.45909735432832122, 28.04710285178516926 ) ) ;
#958 = ORIENTED_EDGE ( 'NONE', *, *, #1211, .F. ) ;
#959 = DIRECTION ( 'NONE',  ( 0.000000000000000000, 1.000000000000000000, 0.000000000000000000 ) ) ;
#960 = DIRECTION ( 'NONE',  ( 0.000000000000000000, -0.2773148488694126002, 0.9607790977100485463 ) ) ;
#961 = AXIS2_PLACEMENT_3D ( 'NONE', #1981, #914, #1775 ) ;
#962 = DIRECTION ( 'NONE',  ( -0.000000000000000000, 0.9975121083591362847, 0.07049534507264085259 ) ) ;
#963 = ORIENTED_EDGE ( 'NONE', *, *, #1320, .T. ) ;
#964 = EDGE_LOOP ( 'NONE', ( #1541, #328, #1865, #181, #646 ) ) ;
#965 = VECTOR ( 'NONE', #979, 1000.000000000000000 ) ;
#966 = EDGE_LOOP ( 'NONE', ( #263, #2241, #232, #250 ) ) ;
#967 = DIRECTION ( 'NONE',  ( 0.000000000000000000, -0.9607790977100486574, -0.2773148488694119895 ) ) ;
#968 = DIRECTION ( 'NONE',  ( 0.000000000000000000, 0.000000000000000000, 1.000000000000000000 ) ) ;
#969 = FACE_OUTER_BOUND ( 'NONE', #1333, .T. ) ;
#970 = ORIENTED_EDGE ( 'NONE', *, *, #871, .T. ) ;
#971 = CARTESIAN_POINT ( 'NONE',  ( -16.50000000000000355, -60.46480492784193217, 52.95253291175058763 ) ) ;
#972 = DIRECTION ( 'NONE',  ( 0.000000000000000000, 0.9607790977100474361, 0.2773148488694162084 ) ) ;
#973 = CARTESIAN_POINT ( 'NONE',  ( 9.700000000000009948, -32.89513429522386900, -97.02894413646475869 ) ) ;
#974 = ORIENTED_EDGE ( 'NONE', *, *, #2510, .F. ) ;
#975 = EDGE_CURVE ( 'NONE', #1505, #2240, #630, .T. ) ;
#976 = VECTOR ( 'NONE', #1167, 1000.000000000000114 ) ;
#977 = LINE ( 'NONE', #1832, #1001 ) ;
#978 = DIRECTION ( 'NONE',  ( -1.000000000000000000, -2.996270723527080669E-17, -8.648297666416507395E-18 ) ) ;
#979 = DIRECTION ( 'NONE',  ( 0.000000000000000000, -0.2588190451025140781, 0.9659258262890700886 ) ) ;
#980 = FACE_OUTER_BOUND ( 'NONE', #2344, .T. ) ;
#981 = ORIENTED_EDGE ( 'NONE', *, *, #1768, .F. ) ;
#982 = CARTESIAN_POINT ( 'NONE',  ( -18.50000000000000000, -37.31182116763124412, -113.4797343673739363 ) ) ;
#983 = CARTESIAN_POINT ( 'NONE',  ( 18.50000000000000000, -68.52843581539332263, 27.89013389362658657 ) ) ;
#984 = CARTESIAN_POINT ( 'NONE',  ( 15.50000000000000000, -60.45909735432832122, 18.80796696805457557 ) ) ;
#985 = PLANE ( 'NONE',  #493 ) ;
#986 = VERTEX_POINT ( 'NONE', #401 ) ;
#987 = AXIS2_PLACEMENT_3D ( 'NONE', #412, #1503, #2180 ) ;
#988 = EDGE_CURVE ( 'NONE', #2376, #2207, #178, .T. ) ;
#989 = EDGE_CURVE ( 'NONE', #1962, #1153, #1056, .T. ) ;
#990 = LINE ( 'NONE', #1846, #149 ) ;
#991 = PLANE ( 'NONE',  #212 ) ;
#992 = CARTESIAN_POINT ( 'NONE',  ( -7.816563279583467860, -39.95056101135676840, -93.31941859724689436 ) ) ;
#993 = EDGE_CURVE ( 'NONE', #2147, #1136, #288, .T. ) ;
#994 = FACE_OUTER_BOUND ( 'NONE', #2348, .T. ) ;
#995 = ORIENTED_EDGE ( 'NONE', *, *, #1919, .T. ) ;
#996 = LINE ( 'NONE', #2505, #2159 ) ;
#997 = DIRECTION ( 'NONE',  ( -0.000000000000000000, 0.2773148488694145430, -0.9607790977100479912 ) ) ;
#998 = CARTESIAN_POINT ( 'NONE',  ( -6.681356158756869057, -28.75722872773825856, -90.63048826691543525 ) ) ;
#999 = ORIENTED_EDGE ( 'NONE', *, *, #1845, .F. ) ;
#1000 = ADVANCED_FACE ( 'NONE', ( #415, #2335 ), #2323, .F. ) ;
#1001 = VECTOR ( 'NONE', #2701, 1000.000000000000000 ) ;
#1002 = DIRECTION ( 'NONE',  ( 1.000000000000000000, 0.000000000000000000, 0.000000000000000000 ) ) ;
#1003 = EDGE_CURVE ( 'NONE', #2141, #154, #2349, .T. ) ;
#1004 = AXIS2_PLACEMENT_3D ( 'NONE', #2482, #955, #347 ) ;
#1005 = FACE_OUTER_BOUND ( 'NONE', #1961, .T. ) ;
#1006 = EDGE_CURVE ( 'NONE', #2226, #1905, #1279, .T. ) ;
#1007 = DIRECTION ( 'NONE',  ( 0.000000000000000000, -1.000000000000000000, 0.000000000000000000 ) ) ;
#1008 = VERTEX_POINT ( 'NONE', #1896 ) ;
#1009 = CARTESIAN_POINT ( 'NONE',  ( -19.71999999999999886, 0.000000000000000000, 0.000000000000000000 ) ) ;
#1010 = DIRECTION ( 'NONE',  ( -0.000000000000000000, 0.9975121083591362847, 0.07049534507264085259 ) ) ;
#1011 = ORIENTED_EDGE ( 'NONE', *, *, #2277, .T. ) ;
#1012 = DIRECTION ( 'NONE',  ( 1.000000000000000000, -2.397016578821665028E-16, -6.918638133133208381E-17 ) ) ;
#1013 = VERTEX_POINT ( 'NONE', #2135 ) ;
#1014 =( BOUNDED_CURVE ( )  B_SPLINE_CURVE ( 3, ( #677, #2422, #835, #2196 ),
 .UNSPECIFIED., .F., .T. ) 
 B_SPLINE_CURVE_WITH_KNOTS ( ( 4, 4 ),
 ( 1.570796326794896558, 3.141592653589793116 ),
 .UNSPECIFIED. ) 
 CURVE ( )  GEOMETRIC_REPRESENTATION_ITEM ( )  RATIONAL_B_SPLINE_CURVE ( ( 1.000000000000000000, 0.8047378541243649375, 0.8047378541243649375, 1.000000000000000000 ) ) 
 REPRESENTATION_ITEM ( '' )  );
#1015 = CARTESIAN_POINT ( 'NONE',  ( -12.50000000000000000, -32.89513429522385479, -97.02894413646475869 ) ) ;
#1016 = CARTESIAN_POINT ( 'NONE',  ( 45.14557498262445989, -20.56185709715558829, -107.3044665247730052 ) ) ;
#1017 = VECTOR ( 'NONE', #1079, 1000.000000000000114 ) ;
#1018 = EDGE_CURVE ( 'NONE', #1947, #277, #1990, .T. ) ;
#1019 = CARTESIAN_POINT ( 'NONE',  ( -18.50000000000000000, -42.74336671426350875, -92.44636588508397779 ) ) ;
#1020 = EDGE_CURVE ( 'NONE', #1597, #1467, #209, .T. ) ;
#1021 = DIRECTION ( 'NONE',  ( 1.000000000000000000, -0.000000000000000000, -0.000000000000000000 ) ) ;
#1022 = ORIENTED_EDGE ( 'NONE', *, *, #2125, .F. ) ;
#1023 = ADVANCED_FACE ( 'NONE', ( #194 ), #1311, .T. ) ;
#1024 = CARTESIAN_POINT ( 'NONE',  ( 45.14557498262445989, -37.31182116763124412, -113.4797343673739363 ) ) ;
#1025 = CARTESIAN_POINT ( 'NONE',  ( 18.50000000000000000, -60.45909735432832122, -82.10986610637343119 ) ) ;
#1026 = ORIENTED_EDGE ( 'NONE', *, *, #1137, .T. ) ;
#1027 = LINE ( 'NONE', #777, #690 ) ;
#1028 = ORIENTED_EDGE ( 'NONE', *, *, #2365, .F. ) ;
#1029 = PLANE ( 'NONE',  #903 ) ;
#1030 = CARTESIAN_POINT ( 'NONE',  ( 28.99999999999997868, -68.52843581539332263, -82.10986610637343119 ) ) ;
#1031 = CYLINDRICAL_SURFACE ( 'NONE', #2170, 8.701599496106895870 ) ;
#1032 = VECTOR ( 'NONE', #821, 1000.000000000000000 ) ;
#1033 = ORIENTED_EDGE ( 'NONE', *, *, #765, .T. ) ;
#1034 = DIRECTION ( 'NONE',  ( -1.000000000000000000, 4.166715140063586407E-16, 1.202661446426823801E-16 ) ) ;
#1035 = CIRCLE ( 'NONE', #234, 23.81967071551523318 ) ;
#1036 = LINE ( 'NONE', #844, #1325 ) ;
#1037 = VERTEX_POINT ( 'NONE', #2778 ) ;
#1038 = LINE ( 'NONE', #2765, #2448 ) ;
#1039 = EDGE_LOOP ( 'NONE', ( #166, #2758, #1157, #1498 ) ) ;
#1040 = EDGE_CURVE ( 'NONE', #2226, #1316, #648, .T. ) ;
#1041 = AXIS2_PLACEMENT_3D ( 'NONE', #1298, #807, #159 ) ;
#1042 = VECTOR ( 'NONE', #2290, 1000.000000000000000 ) ;
#1043 = DIRECTION ( 'NONE',  ( 0.000000000000000000, 0.000000000000000000, -1.000000000000000000 ) ) ;
#1044 = LINE ( 'NONE', #2769, #1812 ) ;
#1045 = VECTOR ( 'NONE', #365, 1000.000000000000227 ) ;
#1046 = CARTESIAN_POINT ( 'NONE',  ( -16.30000000000000782, -24.39513429522384413, -97.02894413646475869 ) ) ;
#1047 = VECTOR ( 'NONE', #46, 1000.000000000000114 ) ;
#1048 = CIRCLE ( 'NONE', #547, 12.23913588373059369 ) ;
#1049 = CARTESIAN_POINT ( 'NONE',  ( -7.816563279583467860, -28.90160138769120834, -90.13029783524864058 ) ) ;
#1050 = VERTEX_POINT ( 'NONE', #1104 ) ;
#1051 = DIRECTION ( 'NONE',  ( 0.000000000000000000, -0.2773148488694123226, 0.9607790977100485463 ) ) ;
#1052 = AXIS2_PLACEMENT_3D ( 'NONE', #1655, #1615, #1208 ) ;
#1053 = EDGE_CURVE ( 'NONE', #1037, #452, #1254, .T. ) ;
#1054 = DIRECTION ( 'NONE',  ( 1.000000000000000000, -2.397016578821665028E-16, -6.918638133133208381E-17 ) ) ;
#1055 = ORIENTED_EDGE ( 'NONE', *, *, #1302, .T. ) ;
#1056 = LINE ( 'NONE', #2561, #2625 ) ;
#1057 = ORIENTED_EDGE ( 'NONE', *, *, #1425, .T. ) ;
#1058 = ADVANCED_FACE ( 'NONE', ( #1941 ), #1924, .T. ) ;
#1059 = DIRECTION ( 'NONE',  ( -1.000000000000000000, 0.000000000000000000, -0.000000000000000000 ) ) ;
#1060 = ORIENTED_EDGE ( 'NONE', *, *, #2485, .F. ) ;
#1061 = EDGE_CURVE ( 'NONE', #2738, #790, #17, .T. ) ;
#1062 = DIRECTION ( 'NONE',  ( 0.000000000000000000, -0.2773148488694052172, 0.9607790977100505447 ) ) ;
#1063 = EDGE_LOOP ( 'NONE', ( #1370, #1963, #610, #1516 ) ) ;
#1064 = DIRECTION ( 'NONE',  ( -1.000000000000000000, 0.000000000000000000, 0.000000000000000000 ) ) ;
#1065 = VECTOR ( 'NONE', #1500, 1000.000000000000000 ) ;
#1066 = EDGE_LOOP ( 'NONE', ( #1703, #950, #503, #970 ) ) ;
#1067 = DIRECTION ( 'NONE',  ( 3.987137024067643800E-16, 1.000000000000000000, 0.000000000000000000 ) ) ;
#1068 = ORIENTED_EDGE ( 'NONE', *, *, #1132, .T. ) ;
#1069 = DIRECTION ( 'NONE',  ( -1.000000000000000000, -2.996270723527080669E-17, -8.648297666416507395E-18 ) ) ;
#1070 = CARTESIAN_POINT ( 'NONE',  ( 12.50000000000000178, -21.47497392713929543, -104.1409014737405840 ) ) ;
#1071 = ORIENTED_EDGE ( 'NONE', *, *, #2608, .T. ) ;
#1072 = DIRECTION ( 'NONE',  ( -1.000000000000000000, -2.996270723527080669E-17, -8.648297666416507395E-18 ) ) ;
#1073 = DIRECTION ( 'NONE',  ( 0.000000000000000000, 0.9659258262890699775, 0.2588190451025146888 ) ) ;
#1074 = EDGE_LOOP ( 'NONE', ( #265, #1071, #151, #1133 ) ) ;
#1075 = EDGE_CURVE ( 'NONE', #1122, #2738, #1736, .T. ) ;
#1076 = ORIENTED_EDGE ( 'NONE', *, *, #2586, .T. ) ;
#1077 = CARTESIAN_POINT ( 'NONE',  ( -18.49999999999998224, -65.52843581539332263, 37.89013389362658302 ) ) ;
#1078 = VERTEX_POINT ( 'NONE', #2104 ) ;
#1079 = DIRECTION ( 'NONE',  ( -0.000000000000000000, 0.9607790977100485463, 0.2773148488694123226 ) ) ;
#1080 = VECTOR ( 'NONE', #1890, 1000.000000000000000 ) ;
#1081 = AXIS2_PLACEMENT_3D ( 'NONE', #242, #1520, #2363 ) ;
#1082 = ORIENTED_EDGE ( 'NONE', *, *, #2423, .T. ) ;
#1083 = PLANE ( 'NONE',  #2562 ) ;
#1084 = VECTOR ( 'NONE', #904, 1000.000000000000227 ) ;
#1085 = ORIENTED_EDGE ( 'NONE', *, *, #2629, .F. ) ;
#1086 = CARTESIAN_POINT ( 'NONE',  ( 18.50000000000000000, -68.32530352411407648, 30.46722048755738044 ) ) ;
#1087 = DIRECTION ( 'NONE',  ( 0.000000000000000000, -1.000000000000000000, 0.000000000000000000 ) ) ;
#1088 = ORIENTED_EDGE ( 'NONE', *, *, #96, .F. ) ;
#1089 = CARTESIAN_POINT ( 'NONE',  ( -18.50000000000000000, -21.47497392713929543, -104.1409014737405840 ) ) ;
#1090 = DIRECTION ( 'NONE',  ( 0.000000000000000000, -0.2588190451025140781, 0.9659258262890700886 ) ) ;
#1091 = ORIENTED_EDGE ( 'NONE', *, *, #416, .F. ) ;
#1092 = ORIENTED_EDGE ( 'NONE', *, *, #268, .T. ) ;
#1093 = AXIS2_PLACEMENT_3D ( 'NONE', #2266, #960, #1618 ) ;
#1094 = LINE ( 'NONE', #884, #1499 ) ;
#1095 = ORIENTED_EDGE ( 'NONE', *, *, #1199, .F. ) ;
#1096 = FACE_OUTER_BOUND ( 'NONE', #1799, .T. ) ;
#1097 = CIRCLE ( 'NONE', #330, 3.000000000000003997 ) ;
#1098 = EDGE_CURVE ( 'NONE', #1944, #1008, #1038, .T. ) ;
#1099 = PLANE ( 'NONE',  #2793 ) ;
#1100 = EDGE_CURVE ( 'NONE', #32, #1289, #2665, .T. ) ;
#1101 = AXIS2_PLACEMENT_3D ( 'NONE', #2445, #508, #2231 ) ;
#1102 = EDGE_CURVE ( 'NONE', #919, #1915, #1571, .T. ) ;
#1103 = ORIENTED_EDGE ( 'NONE', *, *, #916, .F. ) ;
#1104 = CARTESIAN_POINT ( 'NONE',  ( -8.700000000000002842, -39.96200875110546491, -93.27975700281221805 ) ) ;
#1105 = DIRECTION ( 'NONE',  ( 0.000000000000000000, 0.000000000000000000, -1.000000000000000000 ) ) ;
#1106 = CARTESIAN_POINT ( 'NONE',  ( 28.99999999999997868, -65.52843581539332263, -82.10986610637343119 ) ) ;
#1107 = DIRECTION ( 'NONE',  ( 0.000000000000000000, 0.000000000000000000, -1.000000000000000000 ) ) ;
#1108 = ORIENTED_EDGE ( 'NONE', *, *, #2017, .T. ) ;
#1109 = VERTEX_POINT ( 'NONE', #1349 ) ;
#1110 = EDGE_LOOP ( 'NONE', ( #138, #2580, #1544, #1405 ) ) ;
#1111 = PLANE ( 'NONE',  #2736 ) ;
#1112 = EDGE_CURVE ( 'NONE', #361, #658, #2394, .T. ) ;
#1113 = EDGE_CURVE ( 'NONE', #943, #2774, #280, .T. ) ;
#1114 = ORIENTED_EDGE ( 'NONE', *, *, #53, .F. ) ;
#1115 = CARTESIAN_POINT ( 'NONE',  ( 12.49999999999999289, -41.59673379133095494, -97.02894413646446026 ) ) ;
#1116 = CARTESIAN_POINT ( 'NONE',  ( -19.71999999999999886, -43.60304274575868533, -89.46795068218285962 ) ) ;
#1117 = LINE ( 'NONE', #2107, #1678 ) ;
#1118 = VECTOR ( 'NONE', #938, 1000.000000000000000 ) ;
#1119 = CARTESIAN_POINT ( 'NONE',  ( 18.50000000000000000, -68.52843581539332263, 27.89013389362658657 ) ) ;
#1120 = DIRECTION ( 'NONE',  ( 0.000000000000000000, -0.4660738463692653544, 0.8847458221040426229 ) ) ;
#1121 = ORIENTED_EDGE ( 'NONE', *, *, #1801, .T. ) ;
#1122 = VERTEX_POINT ( 'NONE', #1336 ) ;
#1123 = VERTEX_POINT ( 'NONE', #1115 ) ;
#1124 = CYLINDRICAL_SURFACE ( 'NONE', #433, 8.500000000000007105 ) ;
#1125 = CIRCLE ( 'NONE', #6, 8.500000000000007105 ) ;
#1126 = AXIS2_PLACEMENT_3D ( 'NONE', #1009, #2558, #1866 ) ;
#1127 = DIRECTION ( 'NONE',  ( -0.000000000000000000, -1.000000000000000000, -0.000000000000000000 ) ) ;
#1128 = CARTESIAN_POINT ( 'NONE',  ( 28.99999999999997868, -65.52843581539332263, -92.10986610637341698 ) ) ;
#1129 = FACE_OUTER_BOUND ( 'NONE', #876, .T. ) ;
#1130 = DIRECTION ( 'NONE',  ( 1.000000000000000000, -2.397016578821665028E-16, -6.918638133133208381E-17 ) ) ;
#1131 = LINE ( 'NONE', #2399, #1664 ) ;
#1132 = EDGE_CURVE ( 'NONE', #1078, #2579, #1994, .T. ) ;
#1133 = ORIENTED_EDGE ( 'NONE', *, *, #340, .T. ) ;
#1134 = ORIENTED_EDGE ( 'NONE', *, *, #892, .F. ) ;
#1135 = EDGE_CURVE ( 'NONE', #113, #733, #2420, .T. ) ;
#1136 = VERTEX_POINT ( 'NONE', #1156 ) ;
#1137 = EDGE_CURVE ( 'NONE', #120, #986, #2388, .T. ) ;
#1138 = CARTESIAN_POINT ( 'NONE',  ( 28.99999999999997868, -68.52843581539332263, 37.89013389362658302 ) ) ;
#1139 = AXIS2_PLACEMENT_3D ( 'NONE', #1862, #1330, #1539 ) ;
#1140 = VECTOR ( 'NONE', #2547, 1000.000000000000000 ) ;
#1141 = FACE_OUTER_BOUND ( 'NONE', #1989, .T. ) ;
#1142 = ORIENTED_EDGE ( 'NONE', *, *, #1422, .T. ) ;
#1143 = LINE ( 'NONE', #2396, #1455 ) ;
#1144 = EDGE_CURVE ( 'NONE', #1190, #733, #98, .T. ) ;
#1145 = AXIS2_PLACEMENT_3D ( 'NONE', #2782, #1247, #1062 ) ;
#1146 = CARTESIAN_POINT ( 'NONE',  ( -12.50000000000000178, -21.47497392713929543, -104.1409014737405840 ) ) ;
#1147 = CARTESIAN_POINT ( 'NONE',  ( -1.272445755360013658E-16, -61.74209023494545789, -17.82095224926744592 ) ) ;
#1148 = FACE_OUTER_BOUND ( 'NONE', #1452, .T. ) ;
#1149 = ORIENTED_EDGE ( 'NONE', *, *, #1112, .F. ) ;
#1150 = AXIS2_PLACEMENT_3D ( 'NONE', #1813, #1327, #257 ) ;
#1151 = ORIENTED_EDGE ( 'NONE', *, *, #80, .T. ) ;
#1152 = EDGE_CURVE ( 'NONE', #467, #2370, #828, .T. ) ;
#1153 = VERTEX_POINT ( 'NONE', #1785 ) ;
#1154 = EDGE_CURVE ( 'NONE', #469, #1078, #2408, .T. ) ;
#1155 = DIRECTION ( 'NONE',  ( 0.000000000000000000, 0.000000000000000000, -1.000000000000000000 ) ) ;
#1156 = CARTESIAN_POINT ( 'NONE',  ( 18.50000000000000000, -26.32443435597218340, -61.29593987482755324 ) ) ;
#1157 = ORIENTED_EDGE ( 'NONE', *, *, #647, .F. ) ;
#1158 = FACE_OUTER_BOUND ( 'NONE', #1557, .T. ) ;
#1159 = LINE ( 'NONE', #2683, #247 ) ;
#1160 = LINE ( 'NONE', #2438, #1627 ) ;
#1161 = VECTOR ( 'NONE', #1306, 1000.000000000000000 ) ;
#1162 = CARTESIAN_POINT ( 'NONE',  ( 45.14557498262445989, -41.59673379133095494, -97.02894413646446026 ) ) ;
#1163 = ORIENTED_EDGE ( 'NONE', *, *, #2133, .F. ) ;
#1164 = VERTEX_POINT ( 'NONE', #482 ) ;
#1165 = VERTEX_POINT ( 'NONE', #957 ) ;
#1166 = FACE_OUTER_BOUND ( 'NONE', #2213, .T. ) ;
#1167 = DIRECTION ( 'NONE',  ( 0.000000000000000000, -0.4660738463692652434, 0.8847458221040427340 ) ) ;
#1168 = LINE ( 'NONE', #150, #2767 ) ;
#1169 = VERTEX_POINT ( 'NONE', #2233 ) ;
#1170 = FACE_OUTER_BOUND ( 'NONE', #289, .T. ) ;
#1171 = LINE ( 'NONE', #2024, #589 ) ;
#1172 = CARTESIAN_POINT ( 'NONE',  ( -28.99999999999997868, -65.52843581539332263, -82.10986610637343119 ) ) ;
#1173 = ORIENTED_EDGE ( 'NONE', *, *, #989, .F. ) ;
#1174 = EDGE_LOOP ( 'NONE', ( #1528, #498, #1266, #1753 ) ) ;
#1175 = ORIENTED_EDGE ( 'NONE', *, *, #80, .F. ) ;
#1176 = VECTOR ( 'NONE', #1828, 1000.000000000000000 ) ;
#1177 = CARTESIAN_POINT ( 'NONE',  ( -28.99999999999997868, -68.52843581539332263, -92.10986610637341698 ) ) ;
#1178 = DIRECTION ( 'NONE',  ( 0.000000000000000000, -0.9975121083591362847, -0.07049534507264085259 ) ) ;
#1179 = EDGE_CURVE ( 'NONE', #2750, #2531, #1993, .T. ) ;
#1180 = TOROIDAL_SURFACE ( 'NONE', #2440, 12.23913588373059369, 3.000000000000000000 ) ;
#1181 = LINE ( 'NONE', #2035, #293 ) ;
#1182 = ORIENTED_EDGE ( 'NONE', *, *, #2435, .F. ) ;
#1183 = CARTESIAN_POINT ( 'NONE',  ( 28.99999999999997868, -65.52843581539332263, -82.10986610637343119 ) ) ;
#1184 = ADVANCED_FACE ( 'NONE', ( #1141 ), #69, .T. ) ;
#1185 = LINE ( 'NONE', #1146, #331 ) ;
#1186 = AXIS2_PLACEMENT_3D ( 'NONE', #183, #1573, #694 ) ;
#1187 = DIRECTION ( 'NONE',  ( -2.212949139756545572E-17, -0.9607790977100484353, -0.2773148488694124891 ) ) ;
#1188 = EDGE_LOOP ( 'NONE', ( #567, #2294, #2546, #2387 ) ) ;
#1189 = AXIS2_PLACEMENT_3D ( 'NONE', #722, #2050, #341 ) ;
#1190 = VERTEX_POINT ( 'NONE', #2447 ) ;
#1191 = AXIS2_PLACEMENT_3D ( 'NONE', #900, #1757, #2618 ) ;
#1192 = DIRECTION ( 'NONE',  ( 0.000000000000000000, 1.000000000000000000, 0.000000000000000000 ) ) ;
#1193 = CARTESIAN_POINT ( 'NONE',  ( 45.14557498262445989, -39.24392558461045155, -102.9796317399653560 ) ) ;
#1194 = VECTOR ( 'NONE', #1087, 1000.000000000000000 ) ;
#1195 = DIRECTION ( 'NONE',  ( 0.000000000000000000, 0.000000000000000000, -1.000000000000000000 ) ) ;
#1196 = DIRECTION ( 'NONE',  ( 0.000000000000000000, 1.000000000000000000, 0.000000000000000000 ) ) ;
#1197 = ORIENTED_EDGE ( 'NONE', *, *, #1880, .F. ) ;
#1198 = PLANE ( 'NONE',  #2743 ) ;
#1199 = EDGE_CURVE ( 'NONE', #935, #1164, #2219, .T. ) ;
#1200 = CARTESIAN_POINT ( 'NONE',  ( 18.50000000000000000, -60.45909735432832122, 28.04710285178516926 ) ) ;
#1201 = DIRECTION ( 'NONE',  ( 0.000000000000000000, 0.000000000000000000, 1.000000000000000000 ) ) ;
#1202 = ADVANCED_FACE ( 'NONE', ( #56 ), #912, .T. ) ;
#1203 = ORIENTED_EDGE ( 'NONE', *, *, #2181, .T. ) ;
#1204 = EDGE_CURVE ( 'NONE', #1693, #2240, #1360, .T. ) ;
#1205 = DIRECTION ( 'NONE',  ( -1.000000000000000000, 0.000000000000000000, 0.000000000000000000 ) ) ;
#1206 = CARTESIAN_POINT ( 'NONE',  ( 18.50000000000000000, -30.07173424209107893, -74.35674944472901871 ) ) ;
#1207 = DIRECTION ( 'NONE',  ( 0.000000000000000000, 1.165237586494005543E-15, -1.000000000000000000 ) ) ;
#1208 = DIRECTION ( 'NONE',  ( 0.000000000000000000, 2.602085213965210642E-15, -1.000000000000000000 ) ) ;
#1209 = EDGE_LOOP ( 'NONE', ( #1319, #958, #2727, #668 ) ) ;
#1210 = DIRECTION ( 'NONE',  ( 1.000000000000000000, 0.000000000000000000, 0.000000000000000000 ) ) ;
#1211 = EDGE_CURVE ( 'NONE', #2310, #1701, #83, .T. ) ;
#1212 = CARTESIAN_POINT ( 'NONE',  ( -18.50000000000000000, -43.60304274575868533, -89.46795068218285962 ) ) ;
#1213 = LINE ( 'NONE', #764, #1805 ) ;
#1214 = PRODUCT_CONTEXT ( 'NONE', #2500, 'mechanical' ) ;
#1215 = ORIENTED_EDGE ( 'NONE', *, *, #418, .T. ) ;
#1216 = EDGE_CURVE ( 'NONE', #300, #2141, #1168, .T. ) ;
#1217 = CIRCLE ( 'NONE', #2703, 2.000000000000001332 ) ;
#1218 = EDGE_CURVE ( 'NONE', #2600, #2568, #2285, .T. ) ;
#1219 = DIRECTION ( 'NONE',  ( 1.000000000000000000, 0.000000000000000000, 0.000000000000000000 ) ) ;
#1220 = LINE ( 'NONE', #511, #2312 ) ;
#1221 = AXIS2_PLACEMENT_3D ( 'NONE', #2710, #119, #724 ) ;
#1222 = DIRECTION ( 'NONE',  ( -1.000000000000000000, -0.000000000000000000, -0.000000000000000000 ) ) ;
#1223 = DIRECTION ( 'NONE',  ( 0.000000000000000000, -0.9659258262890706437, -0.2588190451025122463 ) ) ;
#1224 = VERTEX_POINT ( 'NONE', #1864 ) ;
#1225 = FACE_OUTER_BOUND ( 'NONE', #937, .T. ) ;
#1226 = VECTOR ( 'NONE', #372, 1000.000000000000000 ) ;
#1227 = LINE ( 'NONE', #2492, #241 ) ;
#1228 = ORIENTED_EDGE ( 'NONE', *, *, #1880, .T. ) ;
#1229 = DIRECTION ( 'NONE',  ( 0.000000000000000000, 0.000000000000000000, -1.000000000000000000 ) ) ;
#1230 = ORIENTED_EDGE ( 'NONE', *, *, #1053, .T. ) ;
#1231 = LINE ( 'NONE', #2079, #2615 ) ;
#1232 = ADVANCED_FACE ( 'NONE', ( #994 ), #773, .T. ) ;
#1233 = AXIS2_PLACEMENT_3D ( 'NONE', #2599, #24, #1887 ) ;
#1234 = CARTESIAN_POINT ( 'NONE',  ( -16.30000000000000782, -41.39513429522386190, -97.02894413646475869 ) ) ;
#1235 = EDGE_CURVE ( 'NONE', #1918, #919, #699, .T. ) ;
#1236 = FACE_OUTER_BOUND ( 'NONE', #2454, .T. ) ;
#1237 = AXIS2_PLACEMENT_3D ( 'NONE', #691, #71, #942 ) ;
#1238 = CARTESIAN_POINT ( 'NONE',  ( -18.50000000000000000, -37.56802381378270894, -108.7859251923032957 ) ) ;
#1239 = FACE_OUTER_BOUND ( 'NONE', #1913, .T. ) ;
#1240 = EDGE_LOOP ( 'NONE', ( #1431, #2426, #850, #632 ) ) ;
#1241 = CARTESIAN_POINT ( 'NONE',  ( 15.50000000000000000, -60.45909735432832122, 28.04710285178516926 ) ) ;
#1242 = DIRECTION ( 'NONE',  ( 0.000000000000000000, 0.000000000000000000, -1.000000000000000000 ) ) ;
#1243 = ORIENTED_EDGE ( 'NONE', *, *, #1040, .T. ) ;
#1244 = DIRECTION ( 'NONE',  ( -1.000000000000000000, -0.000000000000000000, -0.000000000000000000 ) ) ;
#1245 = ORIENTED_EDGE ( 'NONE', *, *, #735, .F. ) ;
#1246 = DIRECTION ( 'NONE',  ( 0.000000000000000000, 0.9607790977100478802, 0.2773148488694147651 ) ) ;
#1247 = DIRECTION ( 'NONE',  ( 0.000000000000000000, 0.9607790977100506558, 0.2773148488694052727 ) ) ;
#1248 = AXIS2_PLACEMENT_3D ( 'NONE', #1936, #1064, #854 ) ;
#1249 = DIRECTION ( 'NONE',  ( -0.000000000000000000, -0.2588190451025141892, 0.9659258262890700886 ) ) ;
#1250 = ORIENTED_EDGE ( 'NONE', *, *, #1302, .F. ) ;
#1251 = CARTESIAN_POINT ( 'NONE',  ( -18.50000000000000000, -26.32443435597218340, -61.29593987482755324 ) ) ;
#1252 = DIRECTION ( 'NONE',  ( -0.000000000000000000, 1.000000000000000000, 0.000000000000000000 ) ) ;
#1253 = EDGE_LOOP ( 'NONE', ( #2641, #2307, #173, #216 ) ) ;
#1254 = LINE ( 'NONE', #1466, #1140 ) ;
#1255 = EDGE_LOOP ( 'NONE', ( #1381, #479, #1740, #1260 ) ) ;
#1256 = LINE ( 'NONE', #1493, #1395 ) ;
#1257 = PLANE ( 'NONE',  #1857 ) ;
#1258 = EDGE_CURVE ( 'NONE', #681, #1169, #2503, .T. ) ;
#1259 = DIRECTION ( 'NONE',  ( -0.000000000000000000, 0.2773148488694143765, -0.9607790977100479912 ) ) ;
#1260 = ORIENTED_EDGE ( 'NONE', *, *, #132, .T. ) ;
#1261 = CARTESIAN_POINT ( 'NONE',  ( -15.50000000000000355, -29.22221183483938844, -62.07239701013509858 ) ) ;
#1262 = CARTESIAN_POINT ( 'NONE',  ( 18.50000000000000000, -68.52843581539332263, 55.77144679102833180 ) ) ;
#1263 = EDGE_LOOP ( 'NONE', ( #1629, #2127, #518, #2473, #446, #1076, #1720, #882, #2015, #483, #2319, #1580, #2165, #1566 ) ) ;
#1264 = CARTESIAN_POINT ( 'NONE',  ( -19.21999999999999886, -50.42959949594389002, -94.66488467603929280 ) ) ;
#1265 = EDGE_CURVE ( 'NONE', #1747, #1894, #197, .T. ) ;
#1266 = ORIENTED_EDGE ( 'NONE', *, *, #941, .T. ) ;
#1267 = VECTOR ( 'NONE', #723, 1000.000000000000000 ) ;
#1268 = CARTESIAN_POINT ( 'NONE',  ( -15.50000000000000355, -60.45909735432832122, 18.80796696805457557 ) ) ;
#1269 = DIRECTION ( 'NONE',  ( 0.000000000000000000, 0.000000000000000000, 1.000000000000000000 ) ) ;
#1270 = VECTOR ( 'NONE', #2509, 1000.000000000000000 ) ;
#1271 = DIRECTION ( 'NONE',  ( 0.000000000000000000, 0.000000000000000000, -1.000000000000000000 ) ) ;
#1272 = ORIENTED_EDGE ( 'NONE', *, *, #1218, .F. ) ;
#1273 = AXIS2_PLACEMENT_3D ( 'NONE', #751, #1353, #326 ) ;
#1274 = DIRECTION ( 'NONE',  ( -0.000000000000000000, 0.9998065212833885385, 0.01967028213344334045 ) ) ;
#1275 = VERTEX_POINT ( 'NONE', #2070 ) ;
#1276 = CARTESIAN_POINT ( 'NONE',  ( -12.49999999999999822, -40.88597295165244105, -94.13127307733354598 ) ) ;
#1277 = VECTOR ( 'NONE', #1127, 1000.000000000000000 ) ;
#1278 = ORIENTED_EDGE ( 'NONE', *, *, #1320, .F. ) ;
#1279 = LINE ( 'NONE', #1264, #1854 ) ;
#1280 = DIRECTION ( 'NONE',  ( -0.000000000000000000, 0.9607790977100474361, 0.2773148488694162084 ) ) ;
#1281 = AXIS2_PLACEMENT_3D ( 'NONE', #432, #676, #1551 ) ;
#1282 = EDGE_CURVE ( 'NONE', #2189, #2688, #2302, .T. ) ;
#1283 = ORIENTED_EDGE ( 'NONE', *, *, #1831, .F. ) ;
#1284 = DIRECTION ( 'NONE',  ( -1.000000000000000000, -0.000000000000000000, -0.000000000000000000 ) ) ;
#1285 = CARTESIAN_POINT ( 'NONE',  ( -15.50000000000000355, -68.52843581539332263, -72.10986610637341698 ) ) ;
#1286 = ORIENTED_EDGE ( 'NONE', *, *, #2158, .T. ) ;
#1287 = VERTEX_POINT ( 'NONE', #2460 ) ;
#1288 = CARTESIAN_POINT ( 'NONE',  ( -12.49999999999999822, -44.53367227218047475, -110.7964578466064864 ) ) ;
#1289 = VERTEX_POINT ( 'NONE', #137 ) ;
#1290 = CARTESIAN_POINT ( 'NONE',  ( 15.50000000000000000, -68.52843581539332263, 27.89013389362658657 ) ) ;
#1291 = ORIENTED_EDGE ( 'NONE', *, *, #2593, .T. ) ;
#1292 = CARTESIAN_POINT ( 'NONE',  ( -18.50000000000000000, -60.69984461023085487, 31.04473483948195067 ) ) ;
#1293 = ORIENTED_EDGE ( 'NONE', *, *, #1020, .T. ) ;
#1294 = DIRECTION ( 'NONE',  ( 0.000000000000000000, -0.9607790977100484353, -0.2773148488694124336 ) ) ;
#1295 = CARTESIAN_POINT ( 'NONE',  ( -18.50000000000000000, -68.52843581539332263, -92.10986610637341698 ) ) ;
#1296 = ADVANCED_FACE ( 'NONE', ( #1851 ), #796, .F. ) ;
#1297 = ORIENTED_EDGE ( 'NONE', *, *, #31, .F. ) ;
#1298 = CARTESIAN_POINT ( 'NONE',  ( 16.50000000000000000, -30.07173424209107893, -74.35674944472901871 ) ) ;
#1299 = DIRECTION ( 'NONE',  ( -1.000000000000000000, -0.000000000000000000, -0.000000000000000000 ) ) ;
#1300 = ORIENTED_EDGE ( 'NONE', *, *, #1624, .T. ) ;
#1301 = ORIENTED_EDGE ( 'NONE', *, *, #409, .F. ) ;
#1302 = EDGE_CURVE ( 'NONE', #380, #262, #2244, .T. ) ;
#1303 = DIRECTION ( 'NONE',  ( -1.000000000000000000, -0.000000000000000000, -0.000000000000000000 ) ) ;
#1304 = EDGE_LOOP ( 'NONE', ( #527, #1660, #2234, #1215, #2214, #1786 ) ) ;
#1305 = ADVANCED_FACE ( 'NONE', ( #1239 ), #538, .F. ) ;
#1306 = DIRECTION ( 'NONE',  ( 0.000000000000000000, -0.2773148488694116010, 0.9607790977100487684 ) ) ;
#1307 = ORIENTED_EDGE ( 'NONE', *, *, #1609, .T. ) ;
#1308 = DIRECTION ( 'NONE',  ( 0.000000000000000000, -0.9607790977100486574, -0.2773148488694119895 ) ) ;
#1309 = VECTOR ( 'NONE', #2338, 1000.000000000000000 ) ;
#1310 = ORIENTED_EDGE ( 'NONE', *, *, #1006, .T. ) ;
#1311 = CYLINDRICAL_SURFACE ( 'NONE', #2351, 25.81967071551523318 ) ;
#1312 = DIRECTION ( 'NONE',  ( -0.000000000000000000, -0.000000000000000000, 1.000000000000000000 ) ) ;
#1313 = VECTOR ( 'NONE', #2225, 1000.000000000000000 ) ;
#1314 = DIRECTION ( 'NONE',  ( 0.000000000000000000, -9.912705577010316675E-16, -1.000000000000000000 ) ) ;
#1315 = CARTESIAN_POINT ( 'NONE',  ( 9.605863403384317323, -29.47781305102079230, -90.83847440356748848 ) ) ;
#1316 = VERTEX_POINT ( 'NONE', #1416 ) ;
#1317 = ORIENTED_EDGE ( 'NONE', *, *, #495, .T. ) ;
#1318 = VECTOR ( 'NONE', #1674, 1000.000000000000000 ) ;
#1319 = ORIENTED_EDGE ( 'NONE', *, *, #1706, .T. ) ;
#1320 = EDGE_CURVE ( 'NONE', #162, #2673, #566, .T. ) ;
#1321 = ADVANCED_FACE ( 'NONE', ( #526 ), #760, .T. ) ;
#1322 = CARTESIAN_POINT ( 'NONE',  ( -15.50000000000000355, -60.69984461023085487, 31.04473483948195067 ) ) ;
#1323 = AXIS2_PLACEMENT_3D ( 'NONE', #2434, #1691, #1759 ) ;
#1324 = PLANE ( 'NONE',  #1348 ) ;
#1325 = VECTOR ( 'NONE', #2776, 1000.000000000000000 ) ;
#1326 = ORIENTED_EDGE ( 'NONE', *, *, #2385, .F. ) ;
#1327 = DIRECTION ( 'NONE',  ( 4.489794735692300059E-16, -0.2588190451025126904, 0.9659258262890706437 ) ) ;
#1328 = FACE_OUTER_BOUND ( 'NONE', #561, .T. ) ;
#1329 = DIRECTION ( 'NONE',  ( 1.000000000000000000, 2.996270723527080669E-17, 8.648297666416508936E-18 ) ) ;
#1330 = DIRECTION ( 'NONE',  ( 0.000000000000000000, -0.2588190451025141892, 0.9659258262890700886 ) ) ;
#1331 = CARTESIAN_POINT ( 'NONE',  ( -12.50000000000000888, -36.65490698379899470, -111.9494902433356742 ) ) ;
#1332 = VERTEX_POINT ( 'NONE', #1430 ) ;
#1333 = EDGE_LOOP ( 'NONE', ( #392, #344, #1820, #1485 ) ) ;
#1334 = EDGE_LOOP ( 'NONE', ( #662, #2374, #2053, #2490 ) ) ;
#1335 = DIRECTION ( 'NONE',  ( -1.000000000000000000, -0.000000000000000000, -0.000000000000000000 ) ) ;
#1336 = CARTESIAN_POINT ( 'NONE',  ( 28.99999999999997868, -65.52843581539332263, 37.89013389362658302 ) ) ;
#1337 = CARTESIAN_POINT ( 'NONE',  ( -18.50000000000000000, -68.52843581539332263, 37.89013389362658302 ) ) ;
#1338 = CARTESIAN_POINT ( 'NONE',  ( -16.50000000000000355, -25.63469666018047732, -89.72921500808985229 ) ) ;
#1339 = AXIS2_PLACEMENT_3D ( 'NONE', #2469, #333, #1399 ) ;
#1340 = EDGE_CURVE ( 'NONE', #1636, #1743, #1181, .T. ) ;
#1341 = DIRECTION ( 'NONE',  ( -1.000000000000000000, -0.000000000000000000, -0.000000000000000000 ) ) ;
#1342 = DIRECTION ( 'NONE',  ( 0.000000000000000000, -0.2773148488694133218, 0.9607790977100483243 ) ) ;
#1343 = ORIENTED_EDGE ( 'NONE', *, *, #1400, .T. ) ;
#1344 = ORIENTED_EDGE ( 'NONE', *, *, #2086, .T. ) ;
#1345 = ORIENTED_EDGE ( 'NONE', *, *, #1154, .F. ) ;
#1346 = DIRECTION ( 'NONE',  ( -1.000000000000000000, -0.000000000000000000, -0.000000000000000000 ) ) ;
#1347 = ADVANCED_FACE ( 'NONE', ( #969 ), #2489, .F. ) ;
#1348 = AXIS2_PLACEMENT_3D ( 'NONE', #1953, #255, #874 ) ;
#1349 = CARTESIAN_POINT ( 'NONE',  ( -18.50000000000000000, -26.18932635791931673, -87.80765681266970546 ) ) ;
#1350 = VERTEX_POINT ( 'NONE', #2694 ) ;
#1351 = FACE_OUTER_BOUND ( 'NONE', #2358, .T. ) ;
#1352 = EDGE_CURVE ( 'NONE', #1287, #852, #124, .T. ) ;
#1353 = DIRECTION ( 'NONE',  ( -0.000000000000000000, 1.000000000000000000, 0.000000000000000000 ) ) ;
#1354 = CARTESIAN_POINT ( 'NONE',  ( 28.99999999999997868, -65.52843581539332263, -82.10986610637343119 ) ) ;
#1355 = ADVANCED_FACE ( 'NONE', ( #980 ), #553, .F. ) ;
#1356 = VERTEX_POINT ( 'NONE', #2746 ) ;
#1357 = ORIENTED_EDGE ( 'NONE', *, *, #2495, .F. ) ;
#1358 = VERTEX_POINT ( 'NONE', #1877 ) ;
#1359 = DIRECTION ( 'NONE',  ( 0.000000000000000000, 0.2588190451025140781, -0.9659258262890700886 ) ) ;
#1360 = LINE ( 'NONE', #294, #1411 ) ;
#1361 = EDGE_LOOP ( 'NONE', ( #2415, #725, #2112, #616 ) ) ;
#1362 = DIRECTION ( 'NONE',  ( 0.000000000000000000, -0.9607790977100491014, -0.2773148488694103242 ) ) ;
#1363 = VECTOR ( 'NONE', #2690, 1000.000000000000227 ) ;
#1364 = EDGE_CURVE ( 'NONE', #2672, #1050, #2530, .T. ) ;
#1365 = PLANE ( 'NONE',  #1189 ) ;
#1366 = CARTESIAN_POINT ( 'NONE',  ( 28.99999999999997868, -68.52843581539332263, -92.10986610637341698 ) ) ;
#1367 = VERTEX_POINT ( 'NONE', #2677 ) ;
#1368 = VECTOR ( 'NONE', #1748, 1000.000000000000000 ) ;
#1369 = VERTEX_POINT ( 'NONE', #1413 ) ;
#1370 = ORIENTED_EDGE ( 'NONE', *, *, #818, .F. ) ;
#1371 = PLANE ( 'NONE',  #2693 ) ;
#1372 = FACE_OUTER_BOUND ( 'NONE', #2088, .T. ) ;
#1373 = CARTESIAN_POINT ( 'NONE',  ( -4.283134363241304143, -29.71438449380685753, -90.01885403967203558 ) ) ;
#1374 = ORIENTED_EDGE ( 'NONE', *, *, #239, .F. ) ;
#1375 = CARTESIAN_POINT ( 'NONE',  ( 18.50000000000000000, -14.61692102146595573, -70.21564472308878635 ) ) ;
#1376 = DIRECTION ( 'NONE',  ( -1.000000000000000000, -0.000000000000000000, -0.000000000000000000 ) ) ;
#1377 = DIRECTION ( 'NONE',  ( -0.000000000000000000, -0.2773148488694199276, 0.9607790977100463259 ) ) ;
#1378 = CIRCLE ( 'NONE', #2192, 3.000000000000002220 ) ;
#1379 = SHAPE_DEFINITION_REPRESENTATION ( #1870, #510 ) ;
#1380 = VERTEX_POINT ( 'NONE', #1623 ) ;
#1381 = ORIENTED_EDGE ( 'NONE', *, *, #2649, .F. ) ;
#1382 = ORIENTED_EDGE ( 'NONE', *, *, #2629, .T. ) ;
#1383 = EDGE_CURVE ( 'NONE', #2310, #2400, #2032, .T. ) ;
#1384 = CARTESIAN_POINT ( 'NONE',  ( 16.50000000000000000, -16.54877267404409125, -70.73328281329381184 ) ) ;
#1385 = DIRECTION ( 'NONE',  ( 0.000000000000000000, 0.000000000000000000, -1.000000000000000000 ) ) ;
#1386 = EDGE_CURVE ( 'NONE', #506, #1013, #111, .T. ) ;
#1387 = DIRECTION ( 'NONE',  ( 0.000000000000000000, -0.9439808254589819869, 0.3300003047964940595 ) ) ;
#1388 = VERTEX_POINT ( 'NONE', #730 ) ;
#1389 = DIRECTION ( 'NONE',  ( 0.000000000000000000, 0.000000000000000000, 1.000000000000000000 ) ) ;
#1390 = DIRECTION ( 'NONE',  ( 0.000000000000000000, -0.9998065212833885385, -0.01967028213344334392 ) ) ;
#1391 = DIRECTION ( 'NONE',  ( 0.000000000000000000, -0.9975121083591363957, -0.07049534507264085259 ) ) ;
#1392 = CARTESIAN_POINT ( 'NONE',  ( 0.000000000000000000, 0.000000000000000000, 0.000000000000000000 ) ) ;
#1393 = ORIENTED_EDGE ( 'NONE', *, *, #1695, .T. ) ;
#1394 = ORIENTED_EDGE ( 'NONE', *, *, #2054, .T. ) ;
#1395 = VECTOR ( 'NONE', #1680, 1000.000000000000227 ) ;
#1396 = VECTOR ( 'NONE', #1789, 1000.000000000000000 ) ;
#1397 = DIRECTION ( 'NONE',  ( 0.000000000000000000, -0.9607790977100484353, -0.2773148488694124891 ) ) ;
#1398 = ADVANCED_FACE ( 'NONE', ( #2702 ), #2446, .T. ) ;
#1399 = DIRECTION ( 'NONE',  ( 3.987137024067643800E-16, 1.000000000000000000, 0.000000000000000000 ) ) ;
#1400 = EDGE_CURVE ( 'NONE', #380, #106, #1859, .T. ) ;
#1401 = FACE_OUTER_BOUND ( 'NONE', #206, .T. ) ;
#1402 = AXIS2_PLACEMENT_3D ( 'NONE', #1, #37, #1721 ) ;
#1403 = VECTOR ( 'NONE', #1252, 1000.000000000000000 ) ;
#1404 = CARTESIAN_POINT ( 'NONE',  ( -19.21999999999999886, -51.01196067856966465, -92.64724857084821963 ) ) ;
#1405 = ORIENTED_EDGE ( 'NONE', *, *, #924, .F. ) ;
#1406 = AXIS2_PLACEMENT_3D ( 'NONE', #2590, #431, #889 ) ;
#1407 = DIRECTION ( 'NONE',  ( 0.000000000000000000, 0.000000000000000000, -1.000000000000000000 ) ) ;
#1408 = CARTESIAN_POINT ( 'NONE',  ( 18.50000000000000000, -34.67086345450050544, -69.71711194639712517 ) ) ;
#1409 = CIRCLE ( 'NONE', #915, 8.500000000000007105 ) ;
#1410 = ORIENTED_EDGE ( 'NONE', *, *, #1383, .T. ) ;
#1411 = VECTOR ( 'NONE', #2008, 1000.000000000000000 ) ;
#1412 = LINE ( 'NONE', #548, #21 ) ;
#1413 = CARTESIAN_POINT ( 'NONE',  ( -12.50000000000000888, -41.59673379133095494, -97.02894413646446026 ) ) ;
#1414 = EDGE_CURVE ( 'NONE', #2370, #1814, #1220, .T. ) ;
#1415 = DIRECTION ( 'NONE',  ( 0.000000000000000000, 0.000000000000000000, -1.000000000000000000 ) ) ;
#1416 = CARTESIAN_POINT ( 'NONE',  ( -19.21999999999999886, -42.74336671426350875, -92.44636588508397779 ) ) ;
#1417 = ORIENTED_EDGE ( 'NONE', *, *, #1100, .T. ) ;
#1418 = LINE ( 'NONE', #1586, #27 ) ;
#1419 = ADVANCED_FACE ( 'NONE', ( #1372 ), #1428, .T. ) ;
#1420 = DIRECTION ( 'NONE',  ( 0.000000000000000000, 0.01967028213344333698, -0.9998065212833884274 ) ) ;
#1421 = CYLINDRICAL_SURFACE ( 'NONE', #454, 1.499999999999994449 ) ;
#1422 = EDGE_CURVE ( 'NONE', #217, #1153, #1823, .T. ) ;
#1423 = DIRECTION ( 'NONE',  ( 0.000000000000000000, 0.000000000000000000, 1.000000000000000000 ) ) ;
#1424 = ORIENTED_EDGE ( 'NONE', *, *, #2689, .F. ) ;
#1425 = EDGE_CURVE ( 'NONE', #1380, #921, #758, .T. ) ;
#1426 = AXIS2_PLACEMENT_3D ( 'NONE', #2178, #1907, #254 ) ;
#1427 = FACE_OUTER_BOUND ( 'NONE', #16, .T. ) ;
#1428 = CYLINDRICAL_SURFACE ( 'NONE', #933, 2.999999999999999112 ) ;
#1429 = CARTESIAN_POINT ( 'NONE',  ( -15.50000000000000355, -35.09982425510538206, -63.64729851156845797 ) ) ;
#1430 = CARTESIAN_POINT ( 'NONE',  ( 18.50000000000000000, -60.69984461023085487, 31.04473483948195067 ) ) ;
#1431 = ORIENTED_EDGE ( 'NONE', *, *, #2586, .F. ) ;
#1432 = FACE_OUTER_BOUND ( 'NONE', #2566, .T. ) ;
#1433 = AXIS2_PLACEMENT_3D ( 'NONE', #750, #1602, #296 ) ;
#1434 = CARTESIAN_POINT ( 'NONE',  ( -12.50000000000000178, -27.67744412748935900, -90.31882421849557829 ) ) ;
#1435 = ORIENTED_EDGE ( 'NONE', *, *, #940, .T. ) ;
#1436 = DIRECTION ( 'NONE',  ( 0.000000000000000000, 0.000000000000000000, -1.000000000000000000 ) ) ;
#1437 = EDGE_CURVE ( 'NONE', #2147, #262, #2691, .T. ) ;
#1438 = EDGE_CURVE ( 'NONE', #1109, #469, #523, .T. ) ;
#1439 = ORIENTED_EDGE ( 'NONE', *, *, #2495, .T. ) ;
#1440 = ADVANCED_FACE ( 'NONE', ( #2044 ), #756, .T. ) ;
#1441 = LINE ( 'NONE', #286, #1576 ) ;
#1442 = VECTOR ( 'NONE', #2670, 1000.000000000000000 ) ;
#1443 = CARTESIAN_POINT ( 'NONE',  ( -12.50000000000000888, -39.24392558461045155, -102.9796317399653560 ) ) ;
#1444 = DIRECTION ( 'NONE',  ( -0.7171680569728787757, -0.1932607914070112731, 0.6695672069049390940 ) ) ;
#1445 = AXIS2_PLACEMENT_3D ( 'NONE', #2684, #2237, #2622 ) ;
#1446 = DIRECTION ( 'NONE',  ( -1.000000000000000000, -2.996270723527080669E-17, -8.648297666416507395E-18 ) ) ;
#1447 = DIRECTION ( 'NONE',  ( 0.000000000000000000, -0.2588190451025139671, 0.9659258262890701996 ) ) ;
#1448 = ORIENTED_EDGE ( 'NONE', *, *, #644, .F. ) ;
#1449 = CARTESIAN_POINT ( 'NONE',  ( -16.50000000000000355, -45.31726840629645636, 36.63220491680336011 ) ) ;
#1450 = VECTOR ( 'NONE', #377, 1000.000000000000000 ) ;
#1451 = DIRECTION ( 'NONE',  ( 1.000000000000000000, 0.000000000000000000, 0.000000000000000000 ) ) ;
#1452 = EDGE_LOOP ( 'NONE', ( #2329, #1108, #767, #845 ) ) ;
#1453 = DIRECTION ( 'NONE',  ( -2.212949139756545572E-17, -0.9607790977100484353, -0.2773148488694124891 ) ) ;
#1454 = ORIENTED_EDGE ( 'NONE', *, *, #568, .T. ) ;
#1455 = VECTOR ( 'NONE', #499, 1000.000000000000227 ) ;
#1456 = CARTESIAN_POINT ( 'NONE',  ( -12.50000000000000178, -21.47497392713929543, -104.1409014737405840 ) ) ;
#1457 = VECTOR ( 'NONE', #2306, 1000.000000000000000 ) ;
#1458 = CARTESIAN_POINT ( 'NONE',  ( -7.816563279583467860, -39.96200875110546491, -93.27975700281221805 ) ) ;
#1459 = FACE_OUTER_BOUND ( 'NONE', #859, .T. ) ;
#1460 = LINE ( 'NONE', #1625, #2621 ) ;
#1461 = CIRCLE ( 'NONE', #253, 2.000000000000001776 ) ;
#1462 = VERTEX_POINT ( 'NONE', #549 ) ;
#1463 = DIRECTION ( 'NONE',  ( -1.000000000000000000, -0.000000000000000000, -0.000000000000000000 ) ) ;
#1464 = LINE ( 'NONE', #389, #1719 ) ;
#1465 = ORIENTED_EDGE ( 'NONE', *, *, #304, .T. ) ;
#1466 = CARTESIAN_POINT ( 'NONE',  ( -5.308970225913368424, -39.08560402812128132, -93.61162289226162159 ) ) ;
#1467 = VERTEX_POINT ( 'NONE', #2715 ) ;
#1468 = CARTESIAN_POINT ( 'NONE',  ( 28.99999999999997868, -68.52843581539332263, 47.89013389362658302 ) ) ;
#1469 = DIRECTION ( 'NONE',  ( -1.000000000000000000, -2.996270723527080669E-17, -8.648297666416507395E-18 ) ) ;
#1470 = AXIS2_PLACEMENT_3D ( 'NONE', #2418, #2191, #279 ) ;
#1471 = PLANE ( 'NONE',  #1605 ) ;
#1472 = EDGE_CURVE ( 'NONE', #790, #1930, #535, .T. ) ;
#1473 = ORIENTED_EDGE ( 'NONE', *, *, #2019, .T. ) ;
#1474 = CARTESIAN_POINT ( 'NONE',  ( 0.000000000000000000, 26.09562461658332211, -90.41034324529638866 ) ) ;
#1475 = CARTESIAN_POINT ( 'NONE',  ( -12.50000000000000178, -21.47497392713929543, -104.1409014737405840 ) ) ;
#1476 = VERTEX_POINT ( 'NONE', #769 ) ;
#1477 = CARTESIAN_POINT ( 'NONE',  ( -8.700000000000009948, -68.52843581539332263, -102.1098661063734170 ) ) ;
#1478 = VERTEX_POINT ( 'NONE', #2056 ) ;
#1479 = CARTESIAN_POINT ( 'NONE',  ( -16.50000000000000355, -14.61692102146595573, -70.21564472308878635 ) ) ;
#1480 = DIRECTION ( 'NONE',  ( 0.000000000000000000, 0.9439808254589819869, -0.3300003047964940595 ) ) ;
#1481 = AXIS2_PLACEMENT_3D ( 'NONE', #2544, #1714, #827 ) ;
#1482 = ORIENTED_EDGE ( 'NONE', *, *, #1179, .T. ) ;
#1483 = LINE ( 'NONE', #223, #564 ) ;
#1484 = EDGE_CURVE ( 'NONE', #1123, #655, #2276, .T. ) ;
#1485 = ORIENTED_EDGE ( 'NONE', *, *, #1075, .T. ) ;
#1486 = CARTESIAN_POINT ( 'NONE',  ( -16.30000000000000782, -32.89513429522385479, -97.02894413646475869 ) ) ;
#1487 = EDGE_CURVE ( 'NONE', #1705, #1885, #2258, .T. ) ;
#1488 = CARTESIAN_POINT ( 'NONE',  ( -5.308970225913367535, -29.99082437250211441, -89.06110634492462452 ) ) ;
#1489 = ORIENTED_EDGE ( 'NONE', *, *, #439, .T. ) ;
#1490 = CARTESIAN_POINT ( 'NONE',  ( -28.99999999999997868, -68.52843581539332263, -92.10986610637341698 ) ) ;
#1491 = VERTEX_POINT ( 'NONE', #1833 ) ;
#1492 = ADVANCED_FACE ( 'NONE', ( #2271 ), #991, .F. ) ;
#1493 = CARTESIAN_POINT ( 'NONE',  ( -12.49999999999999822, -48.69339500522166730, -96.38477138095574048 ) ) ;
#1494 = ORIENTED_EDGE ( 'NONE', *, *, #1265, .F. ) ;
#1495 = ORIENTED_EDGE ( 'NONE', *, *, #1102, .T. ) ;
#1496 = AXIS2_PLACEMENT_3D ( 'NONE', #1956, #860, #615 ) ;
#1497 = CARTESIAN_POINT ( 'NONE',  ( -8.700000000000001066, -28.75722872773825856, -90.63048826691543525 ) ) ;
#1498 = ORIENTED_EDGE ( 'NONE', *, *, #1937, .F. ) ;
#1499 = VECTOR ( 'NONE', #394, 1000.000000000000000 ) ;
#1500 = DIRECTION ( 'NONE',  ( 1.000000000000000000, 0.000000000000000000, 0.000000000000000000 ) ) ;
#1501 = EDGE_CURVE ( 'NONE', #2028, #2467, #170, .T. ) ;
#1502 = ORIENTED_EDGE ( 'NONE', *, *, #485, .F. ) ;
#1503 = DIRECTION ( 'NONE',  ( 1.000000000000000000, -4.832823777256207288E-16, 1.594570637726846694E-15 ) ) ;
#1504 = AXIS2_PLACEMENT_3D ( 'NONE', #1206, #1583, #968 ) ;
#1505 = VERTEX_POINT ( 'NONE', #2129 ) ;
#1506 = CARTESIAN_POINT ( 'NONE',  ( 18.50000000000000355, -65.52843581539332263, -82.10986610637343119 ) ) ;
#1507 = FILL_AREA_STYLE_COLOUR ( '', #923 ) ;
#1508 = ADVANCED_FACE ( 'NONE', ( #1096 ), #240, .F. ) ;
#1509 = ORIENTED_EDGE ( 'NONE', *, *, #2435, .T. ) ;
#1510 = EDGE_CURVE ( 'NONE', #2587, #2134, #1696, .T. ) ;
#1511 = PLANE ( 'NONE',  #2255 ) ;
#1512 = LINE ( 'NONE', #680, #54 ) ;
#1513 = ORIENTED_EDGE ( 'NONE', *, *, #472, .F. ) ;
#1514 = ORIENTED_EDGE ( 'NONE', *, *, #237, .T. ) ;
#1515 = CARTESIAN_POINT ( 'NONE',  ( -18.50000000000000000, -34.45937741928258191, -72.70964827147452070 ) ) ;
#1516 = ORIENTED_EDGE ( 'NONE', *, *, #2288, .F. ) ;
#1517 = CARTESIAN_POINT ( 'NONE',  ( 28.99999999999997868, -68.52843581539332263, -92.10986610637341698 ) ) ;
#1518 = VECTOR ( 'NONE', #1568, 1000.000000000000000 ) ;
#1519 = ORIENTED_EDGE ( 'NONE', *, *, #2138, .T. ) ;
#1520 = DIRECTION ( 'NONE',  ( -1.000000000000000000, 0.000000000000000000, 0.000000000000000000 ) ) ;
#1521 = ORIENTED_EDGE ( 'NONE', *, *, #793, .T. ) ;
#1522 = DIRECTION ( 'NONE',  ( -1.000000000000000000, -2.996270723527080669E-17, -8.648297666416507395E-18 ) ) ;
#1523 = CARTESIAN_POINT ( 'NONE',  ( -8.700000000000009948, -68.52843581539332263, -102.1098661063734170 ) ) ;
#1524 = EDGE_CURVE ( 'NONE', #919, #1734, #2598, .T. ) ;
#1525 = EDGE_CURVE ( 'NONE', #154, #935, #825, .T. ) ;
#1526 = CARTESIAN_POINT ( 'NONE',  ( -18.50000000000000000, -42.46605186539409260, -93.40714498279402278 ) ) ;
#1527 = PLANE ( 'NONE',  #95 ) ;
#1528 = ORIENTED_EDGE ( 'NONE', *, *, #1631, .F. ) ;
#1529 = EDGE_CURVE ( 'NONE', #1136, #2370, #41, .T. ) ;
#1530 = ORIENTED_EDGE ( 'NONE', *, *, #2215, .F. ) ;
#1531 = DIRECTION ( 'NONE',  ( -0.000000000000000000, 0.000000000000000000, -1.000000000000000000 ) ) ;
#1532 = ORIENTED_EDGE ( 'NONE', *, *, #2295, .F. ) ;
#1533 = DIRECTION ( 'NONE',  ( -6.681969760793434066E-32, -0.2773148488694102687, 0.9607790977100492125 ) ) ;
#1534 = DIRECTION ( 'NONE',  ( 0.000000000000000000, -0.9659258262890699775, -0.2588190451025144112 ) ) ;
#1535 = ORIENTED_EDGE ( 'NONE', *, *, #2118, .T. ) ;
#1536 = CARTESIAN_POINT ( 'NONE',  ( 28.99999999999997868, -65.52843581539332263, 37.89013389362658302 ) ) ;
#1537 = LINE ( 'NONE', #2412, #2033 ) ;
#1538 = VECTOR ( 'NONE', #1341, 1000.000000000000000 ) ;
#1539 = DIRECTION ( 'NONE',  ( 0.000000000000000000, -0.9659258262890699775, -0.2588190451025144112 ) ) ;
#1540 = DIRECTION ( 'NONE',  ( 0.000000000000000000, 0.2532862672034597584, -0.9673913721168582169 ) ) ;
#1541 = ORIENTED_EDGE ( 'NONE', *, *, #1560, .T. ) ;
#1542 = ORIENTED_EDGE ( 'NONE', *, *, #683, .F. ) ;
#1543 = AXIS2_PLACEMENT_3D ( 'NONE', #2697, #1802, #1407 ) ;
#1544 = ORIENTED_EDGE ( 'NONE', *, *, #1556, .F. ) ;
#1545 = CARTESIAN_POINT ( 'NONE',  ( -5.308970225913368424, -29.47781305102079230, -90.83847440356748848 ) ) ;
#1546 = AXIS2_PLACEMENT_3D ( 'NONE', #2576, #248, #1667 ) ;
#1547 = EDGE_CURVE ( 'NONE', #658, #790, #1683, .T. ) ;
#1548 = VECTOR ( 'NONE', #127, 1000.000000000000000 ) ;
#1549 = CARTESIAN_POINT ( 'NONE',  ( -18.50000000000000000, -68.52843581539332263, 57.89013389362658302 ) ) ;
#1550 = VECTOR ( 'NONE', #2679, 1000.000000000000114 ) ;
#1551 = DIRECTION ( 'NONE',  ( 0.000000000000000000, -1.000000000000000000, 0.000000000000000000 ) ) ;
#1552 = CARTESIAN_POINT ( 'NONE',  ( -5.308970225913368424, -39.08560402812128132, -93.61162289226162159 ) ) ;
#1553 = CARTESIAN_POINT ( 'NONE',  ( -6.681356158756869945, -28.90160138769120834, -90.13029783524864058 ) ) ;
#1554 = ORIENTED_EDGE ( 'NONE', *, *, #2556, .F. ) ;
#1555 = ORIENTED_EDGE ( 'NONE', *, *, #2228, .T. ) ;
#1556 = EDGE_CURVE ( 'NONE', #2673, #1675, #2555, .T. ) ;
#1557 = EDGE_LOOP ( 'NONE', ( #1114, #2042, #2657, #2190 ) ) ;
#1558 = DIRECTION ( 'NONE',  ( -0.000000000000000000, 0.9659258262890700886, 0.2588190451025141892 ) ) ;
#1559 = ADVANCED_FACE ( 'NONE', ( #2786 ), #1710, .F. ) ;
#1560 = EDGE_CURVE ( 'NONE', #2240, #417, #1378, .T. ) ;
#1561 = DIRECTION ( 'NONE',  ( 0.000000000000000000, 0.000000000000000000, -1.000000000000000000 ) ) ;
#1562 = LINE ( 'NONE', #1774, #556 ) ;
#1563 = DIRECTION ( 'NONE',  ( 0.000000000000000000, -0.9607790977100508778, -0.2773148488694043845 ) ) ;
#1564 = PLANE ( 'NONE',  #631 ) ;
#1565 = ORIENTED_EDGE ( 'NONE', *, *, #1706, .F. ) ;
#1566 = ORIENTED_EDGE ( 'NONE', *, *, #1987, .T. ) ;
#1567 = VERTEX_POINT ( 'NONE', #1049 ) ;
#1568 = DIRECTION ( 'NONE',  ( -1.000000000000000000, -0.000000000000000000, -0.000000000000000000 ) ) ;
#1569 = ADVANCED_FACE ( 'NONE', ( #672 ), #205, .T. ) ;
#1570 = CIRCLE ( 'NONE', #276, 8.500000000000007105 ) ;
#1571 = LINE ( 'NONE', #706, #2631 ) ;
#1572 = ORIENTED_EDGE ( 'NONE', *, *, #1135, .F. ) ;
#1573 = DIRECTION ( 'NONE',  ( 0.6969002640677798288, -0.1988813513334050098, 0.6890400786848742687 ) ) ;
#1574 = CARTESIAN_POINT ( 'NONE',  ( -19.21999999999999886, 0.000000000000000000, 0.000000000000000000 ) ) ;
#1575 = CARTESIAN_POINT ( 'NONE',  ( 18.50000000000000000, -68.52843581539332263, -72.10986610637341698 ) ) ;
#1576 = VECTOR ( 'NONE', #1120, 1000.000000000000114 ) ;
#1577 = DIRECTION ( 'NONE',  ( 0.000000000000000000, 0.000000000000000000, 1.000000000000000000 ) ) ;
#1578 = ORIENTED_EDGE ( 'NONE', *, *, #1631, .T. ) ;
#1579 = EDGE_LOOP ( 'NONE', ( #826, #2572, #628, #2143, #2093, #2160, #685, #2747 ) ) ;
#1580 = ORIENTED_EDGE ( 'NONE', *, *, #1510, .F. ) ;
#1581 = CIRCLE ( 'NONE', #689, 23.81967071551523318 ) ;
#1582 = CARTESIAN_POINT ( 'NONE',  ( -28.99999999999997868, -68.52843581539332263, 47.89013389362658302 ) ) ;
#1583 = DIRECTION ( 'NONE',  ( -1.000000000000000000, -0.000000000000000000, -0.000000000000000000 ) ) ;
#1584 = CARTESIAN_POINT ( 'NONE',  ( 16.50000000000000000, -68.32530352411407648, 30.46722048755738044 ) ) ;
#1585 = ORIENTED_EDGE ( 'NONE', *, *, #715, .T. ) ;
#1586 = CARTESIAN_POINT ( 'NONE',  ( -28.99999999999997868, -65.52843581539332263, 47.89013389362658302 ) ) ;
#1587 = VECTOR ( 'NONE', #1192, 1000.000000000000000 ) ;
#1588 = PLANE ( 'NONE',  #2261 ) ;
#1589 = CARTESIAN_POINT ( 'NONE',  ( -12.50000000000000178, -25.63469666018047732, -89.72921500808985229 ) ) ;
#1590 = CARTESIAN_POINT ( 'NONE',  ( -19.71999999999999886, -51.28927552743907370, -91.68646947313818885 ) ) ;
#1591 = EDGE_CURVE ( 'NONE', #2059, #2779, #1483, .T. ) ;
#1592 = ORIENTED_EDGE ( 'NONE', *, *, #1003, .F. ) ;
#1593 = VECTOR ( 'NONE', #1798, 1000.000000000000000 ) ;
#1594 = VERTEX_POINT ( 'NONE', #1888 ) ;
#1595 = EDGE_CURVE ( 'NONE', #2467, #1332, #2601, .T. ) ;
#1596 = VECTOR ( 'NONE', #2022, 1000.000000000000000 ) ;
#1597 = VERTEX_POINT ( 'NONE', #609 ) ;
#1598 = CARTESIAN_POINT ( 'NONE',  ( 15.50000000000000000, -60.64083376383052126, 28.04531527563178628 ) ) ;
#1599 = CARTESIAN_POINT ( 'NONE',  ( -16.50000000000000355, -30.07173424209107893, -74.35674944472901871 ) ) ;
#1600 = CARTESIAN_POINT ( 'NONE',  ( 16.50000000000000000, -45.31726840629644215, 36.63220491680336011 ) ) ;
#1601 = ORIENTED_EDGE ( 'NONE', *, *, #2612, .T. ) ;
#1602 = DIRECTION ( 'NONE',  ( 0.000000000000000000, 0.000000000000000000, 1.000000000000000000 ) ) ;
#1603 = LINE ( 'NONE', #87, #2488 ) ;
#1604 = LINE ( 'NONE', #2413, #283 ) ;
#1605 = AXIS2_PLACEMENT_3D ( 'NONE', #2328, #1533, #2391 ) ;
#1606 = ORIENTED_EDGE ( 'NONE', *, *, #131, .T. ) ;
#1607 = ORIENTED_EDGE ( 'NONE', *, *, #2099, .T. ) ;
#1608 = ADVANCED_FACE ( 'NONE', ( #640 ), #1471, .F. ) ;
#1609 = EDGE_CURVE ( 'NONE', #66, #278, #2144, .T. ) ;
#1610 = ORIENTED_EDGE ( 'NONE', *, *, #221, .T. ) ;
#1611 = EDGE_CURVE ( 'NONE', #1367, #620, #395, .T. ) ;
#1612 = DIRECTION ( 'NONE',  ( 0.000000000000000000, 0.000000000000000000, 1.000000000000000000 ) ) ;
#1613 = CARTESIAN_POINT ( 'NONE',  ( -16.50000000000000355, -26.18932635791930252, -87.80765681266970546 ) ) ;
#1614 = DIRECTION ( 'NONE',  ( 4.566110974470626390E-16, 0.000000000000000000, 1.000000000000000000 ) ) ;
#1615 = DIRECTION ( 'NONE',  ( -1.000000000000000000, -0.000000000000000000, -0.000000000000000000 ) ) ;
#1616 = ORIENTED_EDGE ( 'NONE', *, *, #1525, .T. ) ;
#1617 = CARTESIAN_POINT ( 'NONE',  ( 28.99999999999997868, -68.52843581539332263, 37.89013389362658302 ) ) ;
#1618 = DIRECTION ( 'NONE',  ( 0.000000000000000000, -0.9607790977100484353, -0.2773148488694125446 ) ) ;
#1619 = FACE_OUTER_BOUND ( 'NONE', #1253, .T. ) ;
#1620 =( NAMED_UNIT ( * ) SI_UNIT ( $, .STERADIAN. ) SOLID_ANGLE_UNIT ( ) );
#1621 = ORIENTED_EDGE ( 'NONE', *, *, #1611, .T. ) ;
#1622 = CARTESIAN_POINT ( 'NONE',  ( 12.49999999999999112, -36.65490698379899470, -111.9494902433356742 ) ) ;
#1623 = CARTESIAN_POINT ( 'NONE',  ( 18.50000000000000000, -68.52843581539332263, -102.1098661063734170 ) ) ;
#1624 = EDGE_CURVE ( 'NONE', #2455, #177, #2110, .T. ) ;
#1625 = CARTESIAN_POINT ( 'NONE',  ( 8.727974615270831293, -39.32217547090733945, -92.79200252836616869 ) ) ;
#1626 = EDGE_CURVE ( 'NONE', #1358, #1918, #2506, .T. ) ;
#1627 = VECTOR ( 'NONE', #1982, 1000.000000000000000 ) ;
#1628 = DIRECTION ( 'NONE',  ( 0.000000000000000000, 0.2773148488694143765, -0.9607790977100479912 ) ) ;
#1629 = ORIENTED_EDGE ( 'NONE', *, *, #906, .F. ) ;
#1630 = CARTESIAN_POINT ( 'NONE',  ( -19.21999999999999886, -51.01196067856966465, -92.64724857084821963 ) ) ;
#1631 = EDGE_CURVE ( 'NONE', #2597, #92, #55, .T. ) ;
#1632 = AXIS2_PLACEMENT_3D ( 'NONE', #2168, #391, #1294 ) ;
#1633 = CARTESIAN_POINT ( 'NONE',  ( -18.50000000000000000, -20.20466045505769159, -108.5420023758066606 ) ) ;
#1634 = DIRECTION ( 'NONE',  ( 0.000000000000000000, -0.9607790977100479912, -0.2773148488694143210 ) ) ;
#1635 = AXIS2_PLACEMENT_3D ( 'NONE', #158, #1002, #2728 ) ;
#1636 = VERTEX_POINT ( 'NONE', #716 ) ;
#1637 = EDGE_CURVE ( 'NONE', #733, #1287, #524, .T. ) ;
#1638 = LINE ( 'NONE', #1458, #2404 ) ;
#1639 = DIRECTION ( 'NONE',  ( -0.000000000000000000, -0.9607790977100485463, -0.2773148488694123226 ) ) ;
#1640 = PRESENTATION_LAYER_ASSIGNMENT (  '', '', ( #70 ) ) ;
#1641 = LINE ( 'NONE', #1876, #496 ) ;
#1642 = ADVANCED_FACE ( 'NONE', ( #267 ), #1371, .F. ) ;
#1643 = CARTESIAN_POINT ( 'NONE',  ( 28.99999999999997868, -68.52843581539332263, 47.89013389362658302 ) ) ;
#1644 = ORIENTED_EDGE ( 'NONE', *, *, #1972, .T. ) ;
#1645 = ADVANCED_FACE ( 'NONE', ( #1166 ), #1770, .F. ) ;
#1646 = CARTESIAN_POINT ( 'NONE',  ( 9.605863403384317323, -29.47781305102079230, -90.83847440356748848 ) ) ;
#1647 = ADVANCED_FACE ( 'NONE', ( #2203 ), #1124, .F. ) ;
#1648 = CARTESIAN_POINT ( 'NONE',  ( -19.71999999999999886, -42.46605186539409260, -93.40714498279402278 ) ) ;
#1649 = DIRECTION ( 'NONE',  ( 0.000000000000000000, 1.000000000000000000, 0.000000000000000000 ) ) ;
#1650 = ORIENTED_EDGE ( 'NONE', *, *, #1113, .F. ) ;
#1651 = VECTOR ( 'NONE', #1920, 1000.000000000000000 ) ;
#1652 = CARTESIAN_POINT ( 'NONE',  ( 45.14557498262445989, -20.20466045505768804, -108.5420023758066606 ) ) ;
#1653 = LINE ( 'NONE', #1106, #688 ) ;
#1654 = DIRECTION ( 'NONE',  ( -1.000000000000000000, -2.996270723527081285E-17, -8.648297666416508936E-18 ) ) ;
#1655 = CARTESIAN_POINT ( 'NONE',  ( 16.50000000000000000, -30.07173424209107893, -74.35674944472901871 ) ) ;
#1656 = ORIENTED_EDGE ( 'NONE', *, *, #2405, .F. ) ;
#1657 = CARTESIAN_POINT ( 'NONE',  ( -18.50000000000000000, -60.45909735432832122, -92.10986610637341698 ) ) ;
#1658 = VECTOR ( 'NONE', #338, 1000.000000000000000 ) ;
#1659 = CARTESIAN_POINT ( 'NONE',  ( 18.50000000000000000, -59.80480431824894083, 54.84049456266855316 ) ) ;
#1660 = ORIENTED_EDGE ( 'NONE', *, *, #1897, .T. ) ;
#1661 = CARTESIAN_POINT ( 'NONE',  ( 18.50000000000000000, -68.52843581539332263, -73.35560605950878710 ) ) ;
#1662 = VERTEX_POINT ( 'NONE', #729 ) ;
#1663 = DIRECTION ( 'NONE',  ( 0.000000000000000000, 0.000000000000000000, -1.000000000000000000 ) ) ;
#1664 = VECTOR ( 'NONE', #261, 1000.000000000000000 ) ;
#1665 = DIRECTION ( 'NONE',  ( -1.000000000000000000, -0.000000000000000000, -0.000000000000000000 ) ) ;
#1666 = PRODUCT_DEFINITION_CONTEXT ( 'detailed design', #2648, 'design' ) ;
#1667 = DIRECTION ( 'NONE',  ( 0.000000000000000000, 1.000000000000000000, 0.000000000000000000 ) ) ;
#1668 = AXIS2_PLACEMENT_3D ( 'NONE', #2051, #542, #128 ) ;
#1669 = LINE ( 'NONE', #579, #1816 ) ;
#1670 = DIRECTION ( 'NONE',  ( 0.000000000000000000, 0.9607790977100474361, 0.2773148488694161529 ) ) ;
#1671 = ORIENTED_EDGE ( 'NONE', *, *, #2784, .F. ) ;
#1672 = CARTESIAN_POINT ( 'NONE',  ( 12.49999999999999645, -32.89513429522406085, -97.02894413646446026 ) ) ;
#1673 = AXIS2_PLACEMENT_3D ( 'NONE', #1475, #776, #2332 ) ;
#1674 = DIRECTION ( 'NONE',  ( -1.000000000000000000, -0.000000000000000000, -0.000000000000000000 ) ) ;
#1675 = VERTEX_POINT ( 'NONE', #2645 ) ;
#1676 = CARTESIAN_POINT ( 'NONE',  ( 18.50000000000000000, -68.32530352411407648, 30.46722048755738044 ) ) ;
#1677 = ORIENTED_EDGE ( 'NONE', *, *, #853, .T. ) ;
#1678 = VECTOR ( 'NONE', #1105, 1000.000000000000000 ) ;
#1679 = EDGE_CURVE ( 'NONE', #1165, #380, #2007, .T. ) ;
#1680 = DIRECTION ( 'NONE',  ( 1.445602896647337931E-16, -0.9607790977100485463, -0.2773148488694121561 ) ) ;
#1681 = ADVANCED_FACE ( 'NONE', ( #2630 ), #1111, .F. ) ;
#1682 = DIRECTION ( 'NONE',  ( 0.000000000000000000, -0.4660738463692647993, 0.8847458221040429560 ) ) ;
#1683 = LINE ( 'NONE', #2542, #1872 ) ;
#1684 = ORIENTED_EDGE ( 'NONE', *, *, #1595, .F. ) ;
#1685 = CARTESIAN_POINT ( 'NONE',  ( 9.700000000000009948, -32.89513429522386900, -97.02894413646475869 ) ) ;
#1686 = CARTESIAN_POINT ( 'NONE',  ( 18.50000000000000355, -68.52843581539332263, 57.01254496130543004 ) ) ;
#1687 = EDGE_LOOP ( 'NONE', ( #801, #375, #713, #1095, #316, #1022 ) ) ;
#1688 = CARTESIAN_POINT ( 'NONE',  ( -19.21999999999999886, -42.74336671426350875, -92.44636588508397779 ) ) ;
#1689 = VERTEX_POINT ( 'NONE', #1138 ) ;
#1690 = DIRECTION ( 'NONE',  ( -2.212949139756545264E-17, -0.9607790977100484353, -0.2773148488694125446 ) ) ;
#1691 = DIRECTION ( 'NONE',  ( 1.000000000000000000, 0.000000000000000000, 0.000000000000000000 ) ) ;
#1692 = DIRECTION ( 'NONE',  ( 1.000000000000000000, 0.000000000000000000, 0.000000000000000000 ) ) ;
#1693 = VERTEX_POINT ( 'NONE', #1598 ) ;
#1694 = EDGE_CURVE ( 'NONE', #1122, #1930, #480, .T. ) ;
#1695 = EDGE_CURVE ( 'NONE', #1350, #1734, #909, .T. ) ;
#1696 = LINE ( 'NONE', #1517, #1651 ) ;
#1697 = ORIENTED_EDGE ( 'NONE', *, *, #1848, .T. ) ;
#1698 = PLANE ( 'NONE',  #1126 ) ;
#1699 = ADVANCED_FACE ( 'NONE', ( #1810, #925 ), #745, .F. ) ;
#1700 = FACE_OUTER_BOUND ( 'NONE', #1334, .T. ) ;
#1701 = VERTEX_POINT ( 'NONE', #1755 ) ;
#1702 = DIRECTION ( 'NONE',  ( -1.000000000000000000, -0.000000000000000000, -0.000000000000000000 ) ) ;
#1703 = ORIENTED_EDGE ( 'NONE', *, *, #988, .T. ) ;
#1704 = LINE ( 'NONE', #404, #2108 ) ;
#1705 = VERTEX_POINT ( 'NONE', #2430 ) ;
#1706 = EDGE_CURVE ( 'NONE', #698, #1701, #1783, .T. ) ;
#1707 = CIRCLE ( 'NONE', #1481, 1.499999999999994449 ) ;
#1708 = CARTESIAN_POINT ( 'NONE',  ( 45.14557498262445989, -36.65490698379899470, -111.9494902433356742 ) ) ;
#1709 = ORIENTED_EDGE ( 'NONE', *, *, #1782, .T. ) ;
#1710 = PLANE ( 'NONE',  #2644 ) ;
#1711 = TOROIDAL_SURFACE ( 'NONE', #1844, 9.084952136383828147, 3.000000000000000000 ) ;
#1712 = ADVANCED_FACE ( 'NONE', ( #82 ), #2616, .F. ) ;
#1713 = ORIENTED_EDGE ( 'NONE', *, *, #1204, .F. ) ;
#1714 = DIRECTION ( 'NONE',  ( -1.000000000000000000, 2.397016578821665028E-16, 6.918638133133207149E-17 ) ) ;
#1715 = ADVANCED_FACE ( 'NONE', ( #1795 ), #2659, .F. ) ;
#1716 = ORIENTED_EDGE ( 'NONE', *, *, #418, .F. ) ;
#1717 = DIRECTION ( 'NONE',  ( 0.000000000000000000, 0.000000000000000000, -1.000000000000000000 ) ) ;
#1718 = FILL_AREA_STYLE ('',( #1507 ) ) ;
#1719 = VECTOR ( 'NONE', #2102, 999.9999999999998863 ) ;
#1720 = ORIENTED_EDGE ( 'NONE', *, *, #2254, .T. ) ;
#1721 = DIRECTION ( 'NONE',  ( 2.040851148208006519E-16, -1.000000000000000000, 0.000000000000000000 ) ) ;
#1722 = CARTESIAN_POINT ( 'NONE',  ( -15.50000000000000355, -35.09982425510538206, -63.64729851156845797 ) ) ;
#1723 = EDGE_LOOP ( 'NONE', ( #2048, #2188, #2116, #2511 ) ) ;
#1724 = ORIENTED_EDGE ( 'NONE', *, *, #204, .T. ) ;
#1725 = FACE_OUTER_BOUND ( 'NONE', #2154, .T. ) ;
#1726 = ORIENTED_EDGE ( 'NONE', *, *, #195, .T. ) ;
#1727 = VECTOR ( 'NONE', #2567, 1000.000000000000227 ) ;
#1728 = CARTESIAN_POINT ( 'NONE',  ( 16.50000000000000000, -26.18932635791930252, -87.80765681266970546 ) ) ;
#1729 = ORIENTED_EDGE ( 'NONE', *, *, #2731, .F. ) ;
#1730 = FACE_OUTER_BOUND ( 'NONE', #2589, .T. ) ;
#1731 = VECTOR ( 'NONE', #2243, 999.9999999999998863 ) ;
#1732 = VECTOR ( 'NONE', #2462, 1000.000000000000114 ) ;
#1733 = ADVANCED_FACE ( 'NONE', ( #1427 ), #593, .F. ) ;
#1734 = VERTEX_POINT ( 'NONE', #2714 ) ;
#1735 = ADVANCED_FACE ( 'NONE', ( #757 ), #2031, .F. ) ;
#1736 = LINE ( 'NONE', #34, #1368 ) ;
#1737 = CARTESIAN_POINT ( 'NONE',  ( -18.50000000000000000, -20.56185709715559184, -107.3044665247730052 ) ) ;
#1738 = CARTESIAN_POINT ( 'NONE',  ( 28.99999999999997868, -65.52843581539332263, -92.10986610637341698 ) ) ;
#1739 = LINE ( 'NONE', #2414, #1976 ) ;
#1740 = ORIENTED_EDGE ( 'NONE', *, *, #11, .T. ) ;
#1741 = ORIENTED_EDGE ( 'NONE', *, *, #1144, .T. ) ;
#1742 = DIRECTION ( 'NONE',  ( 0.000000000000000000, 0.2773148488694128777, -0.9607790977100484353 ) ) ;
#1743 = VERTEX_POINT ( 'NONE', #1622 ) ;
#1744 = CARTESIAN_POINT ( 'NONE',  ( 9.700000000000009948, -32.89513429522386900, -97.02894413646475869 ) ) ;
#1745 = VECTOR ( 'NONE', #122, 1000.000000000000000 ) ;
#1746 = CARTESIAN_POINT ( 'NONE',  ( -6.681356158756869945, -28.90160138769120834, -90.13029783524864058 ) ) ;
#1747 = VERTEX_POINT ( 'NONE', #370 ) ;
#1748 = DIRECTION ( 'NONE',  ( -0.000000000000000000, -0.000000000000000000, 1.000000000000000000 ) ) ;
#1749 = CARTESIAN_POINT ( 'NONE',  ( 15.50000000000000000, -34.67086345450050544, -69.71711194639712517 ) ) ;
#1750 = CARTESIAN_POINT ( 'NONE',  ( 18.50000000000000000, -60.46480492784193217, 52.95253291175058763 ) ) ;
#1751 = CARTESIAN_POINT ( 'NONE',  ( -12.50000000000000888, -37.56802381378270894, -108.7859251923032957 ) ) ;
#1752 = ORIENTED_EDGE ( 'NONE', *, *, #1258, .T. ) ;
#1753 = ORIENTED_EDGE ( 'NONE', *, *, #2685, .F. ) ;
#1754 = ORIENTED_EDGE ( 'NONE', *, *, #1934, .T. ) ;
#1755 = CARTESIAN_POINT ( 'NONE',  ( -4.283134363241304143, -39.32217547090733945, -92.79200252836616869 ) ) ;
#1756 = VECTOR ( 'NONE', #2187, 1000.000000000000114 ) ;
#1757 = DIRECTION ( 'NONE',  ( -3.261064801189224387E-16, 0.9975121083591362847, 0.07049534507264076932 ) ) ;
#1758 =( NAMED_UNIT ( * ) SI_UNIT ( $, .STERADIAN. ) SOLID_ANGLE_UNIT ( ) );
#1759 = DIRECTION ( 'NONE',  ( 0.000000000000000000, 0.000000000000000000, -1.000000000000000000 ) ) ;
#1760 = EDGE_CURVE ( 'NONE', #842, #2568, #2043, .T. ) ;
#1761 = LINE ( 'NONE', #2210, #1313 ) ;
#1762 = CARTESIAN_POINT ( 'NONE',  ( -18.50000000000000000, -51.01196067856966465, -92.64724857084824805 ) ) ;
#1763 = ORIENTED_EDGE ( 'NONE', *, *, #2086, .F. ) ;
#1764 = ORIENTED_EDGE ( 'NONE', *, *, #2314, .F. ) ;
#1765 = VECTOR ( 'NONE', #1444, 999.9999999999998863 ) ;
#1766 = VECTOR ( 'NONE', #165, 1000.000000000000000 ) ;
#1767 = ORIENTED_EDGE ( 'NONE', *, *, #546, .T. ) ;
#1768 = EDGE_CURVE ( 'NONE', #2672, #1944, #1412, .T. ) ;
#1769 = AXIS2_PLACEMENT_3D ( 'NONE', #447, #2604, #1717 ) ;
#1770 = PLANE ( 'NONE',  #1470 ) ;
#1771 = AXIS2_PLACEMENT_3D ( 'NONE', #425, #1692, #1271 ) ;
#1772 = CARTESIAN_POINT ( 'NONE',  ( 16.50000000000000000, -41.87551912874813809, 23.78742174607924298 ) ) ;
#1773 = VECTOR ( 'NONE', #1628, 1000.000000000000114 ) ;
#1774 = CARTESIAN_POINT ( 'NONE',  ( -5.308970225913368424, -29.47781305102079230, -90.83847440356748848 ) ) ;
#1775 = DIRECTION ( 'NONE',  ( 1.000000000000000000, 0.000000000000000000, -0.000000000000000000 ) ) ;
#1776 = VECTOR ( 'NONE', #878, 1000.000000000000000 ) ;
#1777 = DIRECTION ( 'NONE',  ( 0.000000000000000000, 0.9975121083591362847, 0.07049534507264085259 ) ) ;
#1778 = CARTESIAN_POINT ( 'NONE',  ( 18.50000000000000355, -68.52843581539332263, -82.10986610637343119 ) ) ;
#1779 = ORIENTED_EDGE ( 'NONE', *, *, #2441, .F. ) ;
#1780 = ORIENTED_EDGE ( 'NONE', *, *, #588, .F. ) ;
#1781 = ORIENTED_EDGE ( 'NONE', *, *, #2770, .T. ) ;
#1782 = EDGE_CURVE ( 'NONE', #84, #2216, #2481, .T. ) ;
#1783 = LINE ( 'NONE', #2675, #1518 ) ;
#1784 = AXIS2_PLACEMENT_3D ( 'NONE', #1728, #2773, #2569 ) ;
#1785 = CARTESIAN_POINT ( 'NONE',  ( -18.50000000000000355, -46.63085787963995443, -95.78945017483094659 ) ) ;
#1786 = ORIENTED_EDGE ( 'NONE', *, *, #1487, .F. ) ;
#1787 = CARTESIAN_POINT ( 'NONE',  ( -18.50000000000000000, -60.45909735432832122, 18.80796696805457557 ) ) ;
#1788 = CARTESIAN_POINT ( 'NONE',  ( -8.700000000000009948, -40.88597295165242684, -94.13127307733350335 ) ) ;
#1789 = DIRECTION ( 'NONE',  ( -0.000000000000000000, -0.000000000000000000, 1.000000000000000000 ) ) ;
#1790 = FACE_OUTER_BOUND ( 'NONE', #2364, .T. ) ;
#1791 = VERTEX_POINT ( 'NONE', #1874 ) ;
#1792 = ORIENTED_EDGE ( 'NONE', *, *, #1075, .F. ) ;
#1793 = ORIENTED_EDGE ( 'NONE', *, *, #1472, .T. ) ;
#1794 = EDGE_CURVE ( 'NONE', #2207, #1050, #1638, .T. ) ;
#1795 = FACE_OUTER_BOUND ( 'NONE', #907, .T. ) ;
#1796 = CARTESIAN_POINT ( 'NONE',  ( -5.308970225913367535, -29.99082437250211441, -89.06110634492462452 ) ) ;
#1797 = ADVANCED_FACE ( 'NONE', ( #534 ), #782, .F. ) ;
#1798 = DIRECTION ( 'NONE',  ( -1.000000000000000000, -0.000000000000000000, -0.000000000000000000 ) ) ;
#1799 = EDGE_LOOP ( 'NONE', ( #1482, #1519, #532, #2417 ) ) ;
#1800 = DIRECTION ( 'NONE',  ( 1.000000000000000000, -2.397016578821665028E-16, -6.918638133133208381E-17 ) ) ;
#1801 = EDGE_CURVE ( 'NONE', #177, #2557, #346, .T. ) ;
#1802 = DIRECTION ( 'NONE',  ( 1.000000000000000000, 0.000000000000000000, 0.000000000000000000 ) ) ;
#1803 = CARTESIAN_POINT ( 'NONE',  ( -18.50000000000000000, -68.52843581539332263, -75.11734839642288364 ) ) ;
#1804 = LINE ( 'NONE', #1590, #2247 ) ;
#1805 = VECTOR ( 'NONE', #2698, 1000.000000000000227 ) ;
#1806 = ORIENTED_EDGE ( 'NONE', *, *, #2297, .F. ) ;
#1807 = ORIENTED_EDGE ( 'NONE', *, *, #735, .T. ) ;
#1808 = ORIENTED_EDGE ( 'NONE', *, *, #1679, .T. ) ;
#1809 = AXIS2_PLACEMENT_3D ( 'NONE', #1867, #2737, #176 ) ;
#1810 = FACE_BOUND ( 'NONE', #2548, .T. ) ;
#1811 = DIRECTION ( 'NONE',  ( 0.000000000000000000, 0.2773148488694124891, -0.9607790977100486574 ) ) ;
#1812 = VECTOR ( 'NONE', #1903, 1000.000000000000114 ) ;
#1813 = CARTESIAN_POINT ( 'NONE',  ( -16.50000000000000355, -16.54877267404408769, -70.73328281329381184 ) ) ;
#1814 = VERTEX_POINT ( 'NONE', #317 ) ;
#1815 = DIRECTION ( 'NONE',  ( 0.000000000000000000, -0.3300003047964937264, -0.9439808254589820979 ) ) ;
#1816 = VECTOR ( 'NONE', #1654, 1000.000000000000000 ) ;
#1817 = CARTESIAN_POINT ( 'NONE',  ( 15.50000000000000000, -29.22221183483938844, -62.07239701013509858 ) ) ;
#1818 = CARTESIAN_POINT ( 'NONE',  ( 18.50000000000000355, -65.52843581539332263, 47.89013389362658302 ) ) ;
#1819 = VERTEX_POINT ( 'NONE', #133 ) ;
#1820 = ORIENTED_EDGE ( 'NONE', *, *, #2712, .T. ) ;
#1821 = ORIENTED_EDGE ( 'NONE', *, *, #2632, .T. ) ;
#1822 = CARTESIAN_POINT ( 'NONE',  ( -7.816563279583467860, -28.90160138769120834, -90.13029783524864058 ) ) ;
#1823 = LINE ( 'NONE', #307, #976 ) ;
#1824 = DIRECTION ( 'NONE',  ( -1.000000000000000000, 0.000000000000000000, 0.000000000000000000 ) ) ;
#1825 = ORIENTED_EDGE ( 'NONE', *, *, #2017, .F. ) ;
#1826 = LINE ( 'NONE', #982, #2682 ) ;
#1827 = DIRECTION ( 'NONE',  ( 0.000000000000000000, -0.01967028213344334392, 0.9998065212833885385 ) ) ;
#1828 = DIRECTION ( 'NONE',  ( -1.000000000000000000, -0.000000000000000000, -0.000000000000000000 ) ) ;
#1829 = AXIS2_PLACEMENT_3D ( 'NONE', #659, #2375, #443 ) ;
#1830 = ORIENTED_EDGE ( 'NONE', *, *, #1179, .F. ) ;
#1831 = EDGE_CURVE ( 'NONE', #951, #573, #332, .T. ) ;
#1832 = CARTESIAN_POINT ( 'NONE',  ( -28.99999999999997868, -68.52843581539332263, -82.10986610637343119 ) ) ;
#1833 = CARTESIAN_POINT ( 'NONE',  ( -12.50000000000000178, -24.39513429522384413, -97.02894413646475869 ) ) ;
#1834 = CARTESIAN_POINT ( 'NONE',  ( 15.50000000000000000, -51.53477739163884763, 21.19923129505410131 ) ) ;
#1835 = CARTESIAN_POINT ( 'NONE',  ( -15.50000000000000355, -51.53477739163884763, 21.19923129505410131 ) ) ;
#1836 = VERTEX_POINT ( 'NONE', #1234 ) ;
#1837 = DIRECTION ( 'NONE',  ( 0.000000000000000000, -0.9607790977100484353, -0.2773148488694126557 ) ) ;
#1838 = VECTOR ( 'NONE', #2517, 1000.000000000000000 ) ;
#1839 = PLANE ( 'NONE',  #1273 ) ;
#1840 = CARTESIAN_POINT ( 'NONE',  ( 16.50000000000000000, -25.63469666018047732, -89.72921500808980966 ) ) ;
#1841 = EDGE_CURVE ( 'NONE', #755, #2650, #977, .T. ) ;
#1842 = FACE_OUTER_BOUND ( 'NONE', #324, .T. ) ;
#1843 = ORIENTED_EDGE ( 'NONE', *, *, #1102, .F. ) ;
#1844 = AXIS2_PLACEMENT_3D ( 'NONE', #1722, #834, #393 ) ;
#1845 = EDGE_CURVE ( 'NONE', #620, #2777, #990, .T. ) ;
#1846 = CARTESIAN_POINT ( 'NONE',  ( -18.50000000000000000, -50.15228464707448808, -95.62566377374932358 ) ) ;
#1847 = DIRECTION ( 'NONE',  ( 0.000000000000000000, -0.01967028213344565110, 0.9998065212833884274 ) ) ;
#1848 = EDGE_CURVE ( 'NONE', #92, #2575, #2082, .T. ) ;
#1849 = DIRECTION ( 'NONE',  ( -1.000000000000000000, -0.000000000000000000, -0.000000000000000000 ) ) ;
#1850 = VECTOR ( 'NONE', #1377, 1000.000000000000114 ) ;
#1851 = FACE_OUTER_BOUND ( 'NONE', #714, .T. ) ;
#1852 = VERTEX_POINT ( 'NONE', #2282 ) ;
#1853 = DIRECTION ( 'NONE',  ( 0.000000000000000000, -0.2773148488694126557, 0.9607790977100484353 ) ) ;
#1854 = VECTOR ( 'NONE', #2379, 1000.000000000000000 ) ;
#1855 = DIRECTION ( 'NONE',  ( 0.000000000000000000, -0.9998065212833884274, -0.01967028213344334045 ) ) ;
#1856 = FACE_OUTER_BOUND ( 'NONE', #233, .T. ) ;
#1857 = AXIS2_PLACEMENT_3D ( 'NONE', #983, #1827, #1390 ) ;
#1858 = ORIENTED_EDGE ( 'NONE', *, *, #2484, .F. ) ;
#1859 = CIRCLE ( 'NONE', #1004, 2.999999999999996891 ) ;
#1860 = CARTESIAN_POINT ( 'NONE',  ( 8.727974615270831293, -29.71438449380685753, -90.01885403967203558 ) ) ;
#1861 = EDGE_CURVE ( 'NONE', #106, #417, #2123, .T. ) ;
#1862 = CARTESIAN_POINT ( 'NONE',  ( 15.50000000000000000, -48.63699991277163548, 21.97568843036164665 ) ) ;
#1863 = DIRECTION ( 'NONE',  ( -1.000000000000000000, -1.087612608685194742E-16, 4.566110974470626390E-16 ) ) ;
#1864 = CARTESIAN_POINT ( 'NONE',  ( -8.700000000000009948, -27.67744412748940164, -90.31882421849553566 ) ) ;
#1865 = ORIENTED_EDGE ( 'NONE', *, *, #1400, .F. ) ;
#1866 = DIRECTION ( 'NONE',  ( -0.000000000000000000, 0.000000000000000000, -1.000000000000000000 ) ) ;
#1867 = CARTESIAN_POINT ( 'NONE',  ( -15.50000000000000355, -34.45937741928258191, -72.70964827147453491 ) ) ;
#1868 = ORIENTED_EDGE ( 'NONE', *, *, #2365, .T. ) ;
#1869 = CARTESIAN_POINT ( 'NONE',  ( -28.99999999999997868, -65.52843581539332263, 37.89013389362658302 ) ) ;
#1870 = PRODUCT_DEFINITION_SHAPE ( 'NONE', 'NONE',  #2436 ) ;
#1871 = ORIENTED_EDGE ( 'NONE', *, *, #924, .T. ) ;
#1872 = VECTOR ( 'NONE', #1952, 1000.000000000000000 ) ;
#1873 = PLANE ( 'NONE',  #679 ) ;
#1874 = CARTESIAN_POINT ( 'NONE',  ( -18.50000000000000000, -65.52843581539332263, 47.89013389362658302 ) ) ;
#1875 = CARTESIAN_POINT ( 'NONE',  ( 12.49999999999999112, -41.34548338327577000, -94.95302648860089789 ) ) ;
#1876 = CARTESIAN_POINT ( 'NONE',  ( -19.21999999999999886, -42.74336671426350875, -92.44636588508397779 ) ) ;
#1877 = CARTESIAN_POINT ( 'NONE',  ( 18.50000000000000000, -16.54877267404409125, -70.73328281329381184 ) ) ;
#1878 = ORIENTED_EDGE ( 'NONE', *, *, #2734, .F. ) ;
#1879 = DIRECTION ( 'NONE',  ( -1.000000000000000000, -2.996270723527080669E-17, -8.648297666416507395E-18 ) ) ;
#1880 = EDGE_CURVE ( 'NONE', #2384, #1852, #2034, .T. ) ;
#1881 = CARTESIAN_POINT ( 'NONE',  ( 28.99999999999997868, -68.52843581539332263, 37.89013389362658302 ) ) ;
#1882 = EDGE_LOOP ( 'NONE', ( #434, #774, #1439, #1055 ) ) ;
#1883 = LINE ( 'NONE', #998, #188 ) ;
#1884 = EDGE_CURVE ( 'NONE', #1350, #2286, #791, .T. ) ;
#1885 = VERTEX_POINT ( 'NONE', #1443 ) ;
#1886 = FACE_OUTER_BOUND ( 'NONE', #2772, .T. ) ;
#1887 = DIRECTION ( 'NONE',  ( 0.000000000000000000, -1.000000000000000000, 0.000000000000000000 ) ) ;
#1888 = CARTESIAN_POINT ( 'NONE',  ( -7.816563279583467860, -28.91304912743990485, -90.09063624081396426 ) ) ;
#1889 = ORIENTED_EDGE ( 'NONE', *, *, #2313, .T. ) ;
#1890 = DIRECTION ( 'NONE',  ( 1.000000000000000000, -0.000000000000000000, -0.000000000000000000 ) ) ;
#1891 = AXIS2_PLACEMENT_3D ( 'NONE', #653, #2139, #1314 ) ;
#1892 = VECTOR ( 'NONE', #297, 1000.000000000000114 ) ;
#1893 = CARTESIAN_POINT ( 'NONE',  ( 9.700000000000009948, -34.39513429522386190, -97.02894413646475869 ) ) ;
#1894 = VERTEX_POINT ( 'NONE', #2298 ) ;
#1895 = EDGE_CURVE ( 'NONE', #2274, #300, #1951, .T. ) ;
#1896 = CARTESIAN_POINT ( 'NONE',  ( -6.681356158756869057, -28.75722872773825856, -90.63048826691543525 ) ) ;
#1897 = EDGE_CURVE ( 'NONE', #1743, #2466, #636, .T. ) ;
#1898 = TOROIDAL_SURFACE ( 'NONE', #2483, 12.23913588373059369, 3.000000000000000000 ) ;
#1899 = ORIENTED_EDGE ( 'NONE', *, *, #1529, .T. ) ;
#1900 = VECTOR ( 'NONE', #643, 1000.000000000000000 ) ;
#1901 = DIRECTION ( 'NONE',  ( -1.000000000000000000, -0.000000000000000000, -0.000000000000000000 ) ) ;
#1902 = VECTOR ( 'NONE', #2038, 1000.000000000000000 ) ;
#1903 = DIRECTION ( 'NONE',  ( -2.212949139756545264E-17, -0.9607790977100484353, -0.2773148488694125446 ) ) ;
#1904 = DIRECTION ( 'NONE',  ( 1.388905046687862300E-16, -1.000000000000000000, 0.000000000000000000 ) ) ;
#1905 = VERTEX_POINT ( 'NONE', #2540 ) ;
#1906 = AXIS2_PLACEMENT_3D ( 'NONE', #1584, #675, #2194 ) ;
#1907 = DIRECTION ( 'NONE',  ( -1.000000000000000000, 4.166715140063586407E-16, 1.202661446426823801E-16 ) ) ;
#1908 = ORIENTED_EDGE ( 'NONE', *, *, #2313, .F. ) ;
#1909 = LINE ( 'NONE', #1657, #2202 ) ;
#1910 = CARTESIAN_POINT ( 'NONE',  ( -19.21999999999999886, -50.42959949594389002, -94.66488467603929280 ) ) ;
#1911 = ORIENTED_EDGE ( 'NONE', *, *, #11, .F. ) ;
#1912 = DIRECTION ( 'NONE',  ( 1.000000000000000000, 0.000000000000000000, 0.000000000000000000 ) ) ;
#1913 = EDGE_LOOP ( 'NONE', ( #295, #1948, #1792, #2149 ) ) ;
#1914 = CARTESIAN_POINT ( 'NONE',  ( 18.50000000000000000, -51.53477739163884763, 21.19923129505410131 ) ) ;
#1915 = VERTEX_POINT ( 'NONE', #619 ) ;
#1916 = EDGE_CURVE ( 'NONE', #1933, #2189, #869, .T. ) ;
#1917 = DIRECTION ( 'NONE',  ( 1.000000000000000000, 2.996270723527081285E-17, 8.648297666416508936E-18 ) ) ;
#1918 = VERTEX_POINT ( 'NONE', #184 ) ;
#1919 = EDGE_CURVE ( 'NONE', #1597, #1915, #2126, .T. ) ;
#1920 = DIRECTION ( 'NONE',  ( -1.000000000000000000, -0.000000000000000000, -0.000000000000000000 ) ) ;
#1921 = ORIENTED_EDGE ( 'NONE', *, *, #2099, .F. ) ;
#1922 = DIRECTION ( 'NONE',  ( 0.000000000000000000, 1.000000000000000000, 0.000000000000000000 ) ) ;
#1923 = ORIENTED_EDGE ( 'NONE', *, *, #1529, .F. ) ;
#1924 = CYLINDRICAL_SURFACE ( 'NONE', #1496, 3.000000000000003997 ) ;
#1925 = DIRECTION ( 'NONE',  ( -2.996270723527080669E-17, 1.000000000000000000, 0.000000000000000000 ) ) ;
#1926 = ORIENTED_EDGE ( 'NONE', *, *, #940, .F. ) ;
#1927 = CYLINDRICAL_SURFACE ( 'NONE', #1139, 3.000000000000003997 ) ;
#1928 = CARTESIAN_POINT ( 'NONE',  ( 8.727974615270831293, -29.71438449380685753, -90.01885403967203558 ) ) ;
#1929 = EDGE_LOOP ( 'NONE', ( #2711, #1228, #1806, #637 ) ) ;
#1930 = VERTEX_POINT ( 'NONE', #2373 ) ;
#1931 = AXIS2_PLACEMENT_3D ( 'NONE', #2101, #2304, #812 ) ;
#1932 = LINE ( 'NONE', #1949, #2309 ) ;
#1933 = VERTEX_POINT ( 'NONE', #2146 ) ;
#1934 = EDGE_CURVE ( 'NONE', #2216, #1491, #1409, .T. ) ;
#1935 = PRODUCT_RELATED_PRODUCT_CATEGORY ( 'part', '', ( #2111 ) ) ;
#1936 = CARTESIAN_POINT ( 'NONE',  ( 28.99999999999997868, 0.000000000000000000, 0.000000000000000000 ) ) ;
#1937 = EDGE_CURVE ( 'NONE', #2543, #1491, #2109, .T. ) ;
#1938 = ORIENTED_EDGE ( 'NONE', *, *, #2254, .F. ) ;
#1939 = DIRECTION ( 'NONE',  ( 0.000000000000000000, 0.2773148488694119895, -0.9607790977100486574 ) ) ;
#1940 = ORIENTED_EDGE ( 'NONE', *, *, #1801, .F. ) ;
#1941 = FACE_OUTER_BOUND ( 'NONE', #624, .T. ) ;
#1942 = LINE ( 'NONE', #1536, #2497 ) ;
#1943 = VECTOR ( 'NONE', #215, 1000.000000000000000 ) ;
#1944 = VERTEX_POINT ( 'NONE', #1497 ) ;
#1945 = LINE ( 'NONE', #864, #2114 ) ;
#1946 = LINE ( 'NONE', #1331, #2023 ) ;
#1947 = VERTEX_POINT ( 'NONE', #1515 ) ;
#1948 = ORIENTED_EDGE ( 'NONE', *, *, #1061, .F. ) ;
#1949 = CARTESIAN_POINT ( 'NONE',  ( 45.14557498262445989, -41.34548338327577000, -94.95302648860089789 ) ) ;
#1950 = ORIENTED_EDGE ( 'NONE', *, *, #1547, .F. ) ;
#1951 = CIRCLE ( 'NONE', #2076, 8.500000000000007105 ) ;
#1952 = DIRECTION ( 'NONE',  ( -0.000000000000000000, 1.000000000000000000, 0.000000000000000000 ) ) ;
#1953 = CARTESIAN_POINT ( 'NONE',  ( 28.99999999999997868, -65.52843581539332263, 47.89013389362658302 ) ) ;
#1954 = VECTOR ( 'NONE', #308, 1000.000000000000114 ) ;
#1955 = ORIENTED_EDGE ( 'NONE', *, *, #537, .F. ) ;
#1956 = CARTESIAN_POINT ( 'NONE',  ( -15.50000000000000355, -48.63699991277163548, 21.97568843036164665 ) ) ;
#1957 = LINE ( 'NONE', #462, #1776 ) ;
#1958 = PLANE ( 'NONE',  #1186 ) ;
#1959 = LINE ( 'NONE', #1089, #639 ) ;
#1960 = CARTESIAN_POINT ( 'NONE',  ( 45.14557498262445989, -41.34548338327577000, -94.95302648860089789 ) ) ;
#1961 = EDGE_LOOP ( 'NONE', ( #719, #1781, #2173, #1825 ) ) ;
#1962 = VERTEX_POINT ( 'NONE', #2327 ) ;
#1963 = ORIENTED_EDGE ( 'NONE', *, *, #1414, .F. ) ;
#1964 = CARTESIAN_POINT ( 'NONE',  ( 28.99999999999997868, -65.52843581539332263, 37.89013389362658302 ) ) ;
#1965 = AXIS2_PLACEMENT_3D ( 'NONE', #1599, #2458, #525 ) ;
#1966 = ORIENTED_EDGE ( 'NONE', *, *, #709, .F. ) ;
#1967 = CARTESIAN_POINT ( 'NONE',  ( -18.50000000000000000, -68.52843581539332263, 55.77144679102833180 ) ) ;
#1968 = SURFACE_SIDE_STYLE ('',( #2574 ) ) ;
#1969 = FACE_OUTER_BOUND ( 'NONE', #2479, .T. ) ;
#1970 = DIRECTION ( 'NONE',  ( 0.000000000000000000, 0.07049534507264085259, -0.9975121083591362847 ) ) ;
#1971 = DIRECTION ( 'NONE',  ( -2.996270723527080669E-17, 1.000000000000000000, 0.000000000000000000 ) ) ;
#1972 = EDGE_CURVE ( 'NONE', #986, #113, #1094, .T. ) ;
#1973 = EDGE_LOOP ( 'NONE', ( #2611, #1394, #1808, #1357 ) ) ;
#1974 = ORIENTED_EDGE ( 'NONE', *, *, #2700, .T. ) ;
#1975 = ORIENTED_EDGE ( 'NONE', *, *, #1003, .T. ) ;
#1976 = VECTOR ( 'NONE', #477, 1000.000000000000114 ) ;
#1977 = DIRECTION ( 'NONE',  ( 0.000000000000000000, -0.2588190451025122463, 0.9659258262890707547 ) ) ;
#1978 = AXIS2_PLACEMENT_3D ( 'NONE', #1392, #1577, #2238 ) ;
#1979 = CARTESIAN_POINT ( 'NONE',  ( -6.681356158756869945, -39.95056101135676840, -93.31941859724689436 ) ) ;
#1980 = FACE_OUTER_BOUND ( 'NONE', #1039, .T. ) ;
#1981 = CARTESIAN_POINT ( 'NONE',  ( 28.99999999999997868, -68.52843581539332263, -92.10986610637341698 ) ) ;
#1982 = DIRECTION ( 'NONE',  ( 1.000000000000000000, -0.000000000000000000, -0.000000000000000000 ) ) ;
#1983 = CARTESIAN_POINT ( 'NONE',  ( -16.50000000000000355, -16.54877267404409480, -70.73328281329381184 ) ) ;
#1984 = ORIENTED_EDGE ( 'NONE', *, *, #1919, .F. ) ;
#1985 = ADVANCED_FACE ( 'NONE', ( #2357 ), #875, .T. ) ;
#1986 = ORIENTED_EDGE ( 'NONE', *, *, #180, .T. ) ;
#1987 = EDGE_CURVE ( 'NONE', #2531, #2722, #171, .T. ) ;
#1988 = AXIS2_PLACEMENT_3D ( 'NONE', #1147, #1563, #2424 ) ;
#1989 = EDGE_LOOP ( 'NONE', ( #2151, #742, #2337, #2524 ) ) ;
#1990 = CIRCLE ( 'NONE', #1769, 9.084952136383828147 ) ;
#1991 = CARTESIAN_POINT ( 'NONE',  ( 18.50000000000000000, -21.47497392713929898, -104.1409014737405840 ) ) ;
#1992 = AXIS2_PLACEMENT_3D ( 'NONE', #1822, #2512, #1397 ) ;
#1993 = LINE ( 'NONE', #2020, #334 ) ;
#1994 = CIRCLE ( 'NONE', #1150, 2.000000000000001332 ) ;
#1995 = ORIENTED_EDGE ( 'NONE', *, *, #2064, .F. ) ;
#1996 = FACE_BOUND ( 'NONE', #1110, .T. ) ;
#1997 = DIRECTION ( 'NONE',  ( 3.087301659422126247E-15, 0.2773148488694043290, -0.9607790977100507668 ) ) ;
#1998 = ADVANCED_FACE ( 'NONE', ( #1725 ), #2340, .F. ) ;
#1999 = CARTESIAN_POINT ( 'NONE',  ( -7.816563279583467860, -28.91304912743990485, -90.09063624081396426 ) ) ;
#2000 = FACE_OUTER_BOUND ( 'NONE', #72, .T. ) ;
#2001 = EDGE_LOOP ( 'NONE', ( #1578, #1697, #2105, #1410, #309 ) ) ;
#2002 = ORIENTED_EDGE ( 'NONE', *, *, #2193, .F. ) ;
#2003 = ORIENTED_EDGE ( 'NONE', *, *, #629, .F. ) ;
#2004 = ADVANCED_FACE ( 'NONE', ( #441 ), #851, .F. ) ;
#2005 = DIRECTION ( 'NONE',  ( -1.000000000000000000, 0.000000000000000000, -0.000000000000000000 ) ) ;
#2006 = EDGE_CURVE ( 'NONE', #1885, #1369, #744, .T. ) ;
#2007 = CIRCLE ( 'NONE', #794, 9.239135883730593690 ) ;
#2008 = DIRECTION ( 'NONE',  ( -1.000000000000000000, -0.000000000000000000, -0.000000000000000000 ) ) ;
#2009 = VERTEX_POINT ( 'NONE', #406 ) ;
#2010 = PLANE ( 'NONE',  #2223 ) ;
#2011 = LINE ( 'NONE', #2236, #645 ) ;
#2012 = DIRECTION ( 'NONE',  ( -1.000000000000000000, -0.000000000000000000, -0.000000000000000000 ) ) ;
#2013 = ORIENTED_EDGE ( 'NONE', *, *, #318, .T. ) ;
#2014 = VERTEX_POINT ( 'NONE', #1077 ) ;
#2015 = ORIENTED_EDGE ( 'NONE', *, *, #2689, .T. ) ;
#2016 = DIRECTION ( 'NONE',  ( 0.000000000000000000, -0.9659258262890706437, -0.2588190451025122463 ) ) ;
#2017 = EDGE_CURVE ( 'NONE', #655, #2200, #1932, .T. ) ;
#2018 = CARTESIAN_POINT ( 'NONE',  ( 18.50000000000000000, -29.22221183483938844, -62.07239701013509858 ) ) ;
#2019 = EDGE_CURVE ( 'NONE', #39, #2286, #2755, .T. ) ;
#2020 = CARTESIAN_POINT ( 'NONE',  ( 28.99999999999997868, -68.52843581539332263, -82.10986610637343119 ) ) ;
#2021 = EDGE_LOOP ( 'NONE', ( #2252, #403, #2167, #1684 ) ) ;
#2022 = DIRECTION ( 'NONE',  ( -1.000000000000000000, -0.000000000000000000, -0.000000000000000000 ) ) ;
#2023 = VECTOR ( 'NONE', #1342, 1000.000000000000000 ) ;
#2024 = CARTESIAN_POINT ( 'NONE',  ( -8.700000000000002842, -39.96200875110546491, -93.27975700281221805 ) ) ;
#2025 = LINE ( 'NONE', #1999, #1850 ) ;
#2026 = CARTESIAN_POINT ( 'NONE',  ( -18.50000000000000000, -50.15228464707448808, -95.62566377374932358 ) ) ;
#2027 = EDGE_LOOP ( 'NONE', ( #2291, #674, #2383, #1601 ) ) ;
#2028 = VERTEX_POINT ( 'NONE', #2096 ) ;
#2029 = ORIENTED_EDGE ( 'NONE', *, *, #1556, .T. ) ;
#2030 = AXIS2_PLACEMENT_3D ( 'NONE', #2260, #148, #2730 ) ;
#2031 = CYLINDRICAL_SURFACE ( 'NONE', #373, 9.239135883730591914 ) ;
#2032 = LINE ( 'NONE', #1796, #1731 ) ;
#2033 = VECTOR ( 'NONE', #1329, 1000.000000000000000 ) ;
#2034 = CIRCLE ( 'NONE', #1635, 25.81967071551523318 ) ;
#2035 = CARTESIAN_POINT ( 'NONE',  ( 12.49999999999999645, -20.56185709715557408, -107.3044665247730052 ) ) ;
#2036 = VERTEX_POINT ( 'NONE', #2581 ) ;
#2037 = DIRECTION ( 'NONE',  ( -1.000000000000000000, -0.000000000000000000, -0.000000000000000000 ) ) ;
#2038 = DIRECTION ( 'NONE',  ( 1.000000000000000000, -0.000000000000000000, -0.000000000000000000 ) ) ;
#2039 = VECTOR ( 'NONE', #2410, 1000.000000000000000 ) ;
#2040 = CARTESIAN_POINT ( 'NONE',  ( 17.25735931288071257, -68.52843581539332263, -72.10986610637340277 ) ) ;
#2041 = ADVANCED_FACE ( 'NONE', ( #670 ), #822, .F. ) ;
#2042 = ORIENTED_EDGE ( 'NONE', *, *, #343, .T. ) ;
#2043 = LINE ( 'NONE', #2468, #781 ) ;
#2044 = FACE_OUTER_BOUND ( 'NONE', #2596, .T. ) ;
#2045 = CARTESIAN_POINT ( 'NONE',  ( 18.50000000000000000, -45.31726840629644215, 36.63220491680336011 ) ) ;
#2046 = ADVANCED_FACE ( 'NONE', ( #608 ), #1257, .F. ) ;
#2047 = DIRECTION ( 'NONE',  ( -1.000000000000000000, 0.000000000000000000, -0.000000000000000000 ) ) ;
#2048 = ORIENTED_EDGE ( 'NONE', *, *, #1386, .T. ) ;
#2049 = FACE_OUTER_BOUND ( 'NONE', #504, .T. ) ;
#2050 = DIRECTION ( 'NONE',  ( 0.000000000000000000, -0.9607790977100479912, -0.2773148488694144320 ) ) ;
#2051 = CARTESIAN_POINT ( 'NONE',  ( -16.50000000000000355, -69.18843642498632107, 56.00217224270861749 ) ) ;
#2052 = ADVANCED_FACE ( 'NONE', ( #2248 ), #1365, .F. ) ;
#2053 = ORIENTED_EDGE ( 'NONE', *, *, #1383, .F. ) ;
#2054 = EDGE_CURVE ( 'NONE', #229, #1165, #455, .T. ) ;
#2055 = CARTESIAN_POINT ( 'NONE',  ( -12.50000000000000178, -21.47497392713929543, -104.1409014737405840 ) ) ;
#2056 = CARTESIAN_POINT ( 'NONE',  ( 16.50000000000000000, -59.80480431824894083, 54.84049456266855316 ) ) ;
#2057 = LINE ( 'NONE', #2045, #965 ) ;
#2058 = CARTESIAN_POINT ( 'NONE',  ( -18.50000000000000000, -43.60304274575868533, -89.46795068218285962 ) ) ;
#2059 = VERTEX_POINT ( 'NONE', #2209 ) ;
#2060 = DIRECTION ( 'NONE',  ( 0.000000000000000000, 0.2773148488694043290, -0.9607790977100507668 ) ) ;
#2061 = CIRCLE ( 'NONE', #623, 1.499999999999994449 ) ;
#2062 = LINE ( 'NONE', #1025, #1403 ) ;
#2063 = DIRECTION ( 'NONE',  ( 0.000000000000000000, 0.000000000000000000, -1.000000000000000000 ) ) ;
#2064 = EDGE_CURVE ( 'NONE', #1819, #2059, #2011, .T. ) ;
#2065 = ORIENTED_EDGE ( 'NONE', *, *, #2607, .F. ) ;
#2066 = DIRECTION ( 'NONE',  ( 0.000000000000000000, 0.000000000000000000, -1.000000000000000000 ) ) ;
#2067 = CARTESIAN_POINT ( 'NONE',  ( -15.50000000000000355, -68.58744666179366334, 30.88955345747675096 ) ) ;
#2068 = CIRCLE ( 'NONE', #2030, 2.000000000000001776 ) ;
#2069 = LINE ( 'NONE', #536, #368 ) ;
#2070 = CARTESIAN_POINT ( 'NONE',  ( 9.700000000000009948, -31.39513429522387256, -97.02894413646475869 ) ) ;
#2071 = ORIENTED_EDGE ( 'NONE', *, *, #2125, .T. ) ;
#2072 = CARTESIAN_POINT ( 'NONE',  ( 18.50000000000000000, -43.38541675371831730, 37.14984300700837849 ) ) ;
#2073 = CARTESIAN_POINT ( 'NONE',  ( 15.50000000000000000, -60.69984461023084776, 31.04473483948194712 ) ) ;
#2074 = EDGE_LOOP ( 'NONE', ( #2100, #1297, #1301, #513 ) ) ;
#2075 = LINE ( 'NONE', #155, #2119 ) ;
#2076 = AXIS2_PLACEMENT_3D ( 'NONE', #1015, #2742, #806 ) ;
#2077 = EDGE_LOOP ( 'NONE', ( #883, #833, #2666, #1272 ) ) ;
#2078 = ADVANCED_FACE ( 'NONE', ( #738 ), #1839, .F. ) ;
#2079 = CARTESIAN_POINT ( 'NONE',  ( -18.50000000000000000, -50.42959949594389002, -94.66488467603929280 ) ) ;
#2080 = AXIS2_PLACEMENT_3D ( 'NONE', #1600, #1447, #1223 ) ;
#2081 = AXIS2_PLACEMENT_3D ( 'NONE', #114, #734, #2060 ) ;
#2082 = LINE ( 'NONE', #1860, #2218 ) ;
#2083 = LINE ( 'NONE', #893, #910 ) ;
#2084 = EDGE_CURVE ( 'NONE', #2557, #84, #1185, .T. ) ;
#2085 = LINE ( 'NONE', #1019, #12 ) ;
#2086 = EDGE_CURVE ( 'NONE', #1013, #2777, #529, .T. ) ;
#2087 = CARTESIAN_POINT ( 'NONE',  ( 28.99999999999997868, -65.52843581539332263, 47.89013389362658302 ) ) ;
#2088 = EDGE_LOOP ( 'NONE', ( #281, #1088, #130, #669 ) ) ;
#2089 = CARTESIAN_POINT ( 'NONE',  ( 18.50000000000000000, -68.52843581539332263, -72.10986610637341698 ) ) ;
#2090 = LINE ( 'NONE', #363, #1457 ) ;
#2091 = ORIENTED_EDGE ( 'NONE', *, *, #1437, .T. ) ;
#2092 = CARTESIAN_POINT ( 'NONE',  ( 12.49999999999999822, -32.89513429522386900, -97.02894413646475869 ) ) ;
#2093 = ORIENTED_EDGE ( 'NONE', *, *, #2346, .F. ) ;
#2094 = AXIS2_PLACEMENT_3D ( 'NONE', #1613, #1639, #1811 ) ;
#2095 = LINE ( 'NONE', #2768, #766 ) ;
#2096 = CARTESIAN_POINT ( 'NONE',  ( 15.50000000000000000, -68.52843581539332263, 27.89013389362658657 ) ) ;
#2097 = ADVANCED_FACE ( 'NONE', ( #117 ), #1588, .T. ) ;
#2098 = CARTESIAN_POINT ( 'NONE',  ( -18.50000000000000000, -36.65490698379900181, -111.9494902433356742 ) ) ;
#2099 = EDGE_CURVE ( 'NONE', #1332, #329, #1048, .T. ) ;
#2100 = ORIENTED_EDGE ( 'NONE', *, *, #993, .T. ) ;
#2101 = CARTESIAN_POINT ( 'NONE',  ( 18.50000000000000000, -68.52843581539332263, 57.89013389362658302 ) ) ;
#2102 = DIRECTION ( 'NONE',  ( -0.000000000000000000, -0.2773148488694147651, 0.9607790977100478802 ) ) ;
#2103 = ORIENTED_EDGE ( 'NONE', *, *, #2204, .T. ) ;
#2104 = CARTESIAN_POINT ( 'NONE',  ( -16.50000000000000355, -14.61692102146595573, -70.21564472308878635 ) ) ;
#2105 = ORIENTED_EDGE ( 'NONE', *, *, #2642, .T. ) ;
#2106 = CARTESIAN_POINT ( 'NONE',  ( -19.21999999999999886, -42.74336671426350875, -92.44636588508397779 ) ) ;
#2107 = CARTESIAN_POINT ( 'NONE',  ( -18.50000000000000000, -65.52843581539332263, 18.80796696805457557 ) ) ;
#2108 = VECTOR ( 'NONE', #1663, 1000.000000000000000 ) ;
#2109 = LINE ( 'NONE', #1046, #507 ) ;
#2110 = LINE ( 'NONE', #427, #1017 ) ;
#2111 = PRODUCT ( 'handle', 'handle', '', ( #1214 ) ) ;
#2112 = ORIENTED_EDGE ( 'NONE', *, *, #2342, .F. ) ;
#2113 = CARTESIAN_POINT ( 'NONE',  ( 18.50000000000000000, -48.63699991277163548, 21.97568843036164665 ) ) ;
#2114 = VECTOR ( 'NONE', #2171, 1000.000000000000114 ) ;
#2115 = CARTESIAN_POINT ( 'NONE',  ( -15.50000000000000355, -60.64083376383052126, 28.04531527563178628 ) ) ;
#2116 = ORIENTED_EDGE ( 'NONE', *, *, #67, .T. ) ;
#2117 = DIRECTION ( 'NONE',  ( -1.000000000000000000, -0.000000000000000000, -0.000000000000000000 ) ) ;
#2118 = EDGE_CURVE ( 'NONE', #1675, #2189, #1603, .T. ) ;
#2119 = VECTOR ( 'NONE', #1912, 1000.000000000000000 ) ;
#2120 = EDGE_LOOP ( 'NONE', ( #1908, #1243, #682, #2371 ) ) ;
#2121 = ADVANCED_FACE ( 'NONE', ( #311 ), #931, .T. ) ;
#2122 = DIRECTION ( 'NONE',  ( 0.000000000000000000, -0.2773148488694143210, 0.9607790977100479912 ) ) ;
#2123 = CIRCLE ( 'NONE', #291, 12.23913588373059369 ) ;
#2124 = FACE_OUTER_BOUND ( 'NONE', #411, .T. ) ;
#2125 = EDGE_CURVE ( 'NONE', #1050, #154, #1171, .T. ) ;
#2126 = LINE ( 'NONE', #235, #1727 ) ;
#2127 = ORIENTED_EDGE ( 'NONE', *, *, #818, .T. ) ;
#2128 = VECTOR ( 'NONE', #1387, 1000.000000000000000 ) ;
#2129 = CARTESIAN_POINT ( 'NONE',  ( -15.50000000000000355, -68.52843581539332263, 27.89013389362658657 ) ) ;
#2130 = VECTOR ( 'NONE', #1312, 1000.000000000000000 ) ;
#2131 = ORIENTED_EDGE ( 'NONE', *, *, #416, .T. ) ;
#2132 = LINE ( 'NONE', #398, #946 ) ;
#2133 = EDGE_CURVE ( 'NONE', #1462, #229, #731, .T. ) ;
#2134 = VERTEX_POINT ( 'NONE', #74 ) ;
#2135 = CARTESIAN_POINT ( 'NONE',  ( -19.71999999999999886, -50.15228464707448808, -95.62566377374932358 ) ) ;
#2136 = LINE ( 'NONE', #2792, #1194 ) ;
#2137 = ORIENTED_EDGE ( 'NONE', *, *, #926, .T. ) ;
#2138 = EDGE_CURVE ( 'NONE', #2531, #2587, #1159, .T. ) ;
#2139 = DIRECTION ( 'NONE',  ( -1.000000000000000000, -0.000000000000000000, -0.000000000000000000 ) ) ;
#2140 = DIRECTION ( 'NONE',  ( -2.993196490461552601E-16, 0.2588190451025146888, -0.9659258262890699775 ) ) ;
#2141 = VERTEX_POINT ( 'NONE', #1788 ) ;
#2142 = EDGE_CURVE ( 'NONE', #2597, #452, #2652, .T. ) ;
#2143 = ORIENTED_EDGE ( 'NONE', *, *, #1934, .F. ) ;
#2144 = CIRCLE ( 'NONE', #1426, 1.499999999999994449 ) ;
#2145 = ADVANCED_FACE ( 'NONE', ( #945 ), #103, .F. ) ;
#2146 = CARTESIAN_POINT ( 'NONE',  ( -19.71999999999999886, -43.60304274575868533, -89.46795068218285962 ) ) ;
#2147 = VERTEX_POINT ( 'NONE', #1817 ) ;
#2148 = DIRECTION ( 'NONE',  ( 0.000000000000000000, 0.9998065212833885385, 0.01967028213344334045 ) ) ;
#2149 = ORIENTED_EDGE ( 'NONE', *, *, #1694, .T. ) ;
#2150 = CARTESIAN_POINT ( 'NONE',  ( 28.99999999999997868, -68.52843581539332263, 47.89013389362658302 ) ) ;
#2151 = ORIENTED_EDGE ( 'NONE', *, *, #1265, .T. ) ;
#2152 = CARTESIAN_POINT ( 'NONE',  ( 45.14557498262445989, -41.51323490609146205, -94.31232307572690843 ) ) ;
#2153 = DIRECTION ( 'NONE',  ( -0.000000000000000000, -0.2773148488694123226, 0.9607790977100485463 ) ) ;
#2154 = EDGE_LOOP ( 'NONE', ( #651, #837, #1889, #963, #2029, #1966, #1671, #1344 ) ) ;
#2155 = CARTESIAN_POINT ( 'NONE',  ( -5.308970225913367535, -39.59861534960260343, -91.83425483361875763 ) ) ;
#2156 = FACE_OUTER_BOUND ( 'NONE', #1240, .T. ) ;
#2157 = ORIENTED_EDGE ( 'NONE', *, *, #67, .F. ) ;
#2158 = EDGE_CURVE ( 'NONE', #2680, #1316, #2463, .T. ) ;
#2159 = VECTOR ( 'NONE', #2222, 1000.000000000000000 ) ;
#2160 = ORIENTED_EDGE ( 'NONE', *, *, #2523, .T. ) ;
#2161 = CARTESIAN_POINT ( 'NONE',  ( -18.50000000000000000, -20.20466045505769159, -108.5420023758066606 ) ) ;
#2162 = ORIENTED_EDGE ( 'NONE', *, *, #2700, .F. ) ;
#2163 = DIRECTION ( 'NONE',  ( 0.000000000000000000, -0.01967028213344331616, 0.9998065212833884274 ) ) ;
#2164 = CIRCLE ( 'NONE', #322, 1.499999999999994449 ) ;
#2165 = ORIENTED_EDGE ( 'NONE', *, *, #2138, .F. ) ;
#2166 = LINE ( 'NONE', #1746, #2429 ) ;
#2167 = ORIENTED_EDGE ( 'NONE', *, *, #472, .T. ) ;
#2168 = CARTESIAN_POINT ( 'NONE',  ( 18.50000000000000000, -68.52843581539332263, -102.1098661063734170 ) ) ;
#2169 = PLANE ( 'NONE',  #2409 ) ;
#2170 = AXIS2_PLACEMENT_3D ( 'NONE', #597, #1446, #772 ) ;
#2171 = DIRECTION ( 'NONE',  ( -4.190823558986625216E-31, -0.2773148488694132663, 0.9607790977100483243 ) ) ;
#2172 = FACE_OUTER_BOUND ( 'NONE', #426, .T. ) ;
#2173 = ORIENTED_EDGE ( 'NONE', *, *, #5, .T. ) ;
#2174 = AXIS2_PLACEMENT_3D ( 'NONE', #405, #282, #1480 ) ;
#2175 = ORIENTED_EDGE ( 'NONE', *, *, #2712, .F. ) ;
#2176 = EDGE_LOOP ( 'NONE', ( #2787, #873, #91, #521 ) ) ;
#2177 = VECTOR ( 'NONE', #1242, 1000.000000000000000 ) ;
#2178 = CARTESIAN_POINT ( 'NONE',  ( 12.49999999999999822, -32.89513429522386900, -97.02894413646475869 ) ) ;
#2179 = ADVANCED_FACE ( 'NONE', ( #2724 ), #192, .T. ) ;
#2180 = DIRECTION ( 'NONE',  ( 1.594570637726846694E-15, 0.000000000000000000, -1.000000000000000000 ) ) ;
#2181 = EDGE_CURVE ( 'NONE', #1169, #658, #2278, .T. ) ;
#2182 = EDGE_LOOP ( 'NONE', ( #2766, #99, #108, #2643, #1940 ) ) ;
#2183 = CARTESIAN_POINT ( 'NONE',  ( 18.50000000000000000, -65.52843581539332263, 18.80796696805457557 ) ) ;
#2184 = DIRECTION ( 'NONE',  ( -1.000000000000000000, -0.000000000000000000, -0.000000000000000000 ) ) ;
#2185 = DIRECTION ( 'NONE',  ( 0.000000000000000000, -0.9998065212833885385, -0.01967028213344334392 ) ) ;
#2186 = DIRECTION ( 'NONE',  ( 1.080725825240438972E-17, -0.2532862672034597584, 0.9673913721168582169 ) ) ;
#2187 = DIRECTION ( 'NONE',  ( -2.212949139756545264E-17, -0.9607790977100484353, -0.2773148488694125446 ) ) ;
#2188 = ORIENTED_EDGE ( 'NONE', *, *, #2784, .T. ) ;
#2189 = VERTEX_POINT ( 'NONE', #1212 ) ;
#2190 = ORIENTED_EDGE ( 'NONE', *, *, #1831, .T. ) ;
#2191 = DIRECTION ( 'NONE',  ( -1.111124037350291615E-15, -0.9607790977100485463, -0.2773148488694123226 ) ) ;
#2192 = AXIS2_PLACEMENT_3D ( 'NONE', #1322, #2148, #2163 ) ;
#2193 = EDGE_CURVE ( 'NONE', #1933, #506, #353, .T. ) ;
#2194 = DIRECTION ( 'NONE',  ( 0.000000000000000000, 0.000000000000000000, -1.000000000000000000 ) ) ;
#2195 = DIRECTION ( 'NONE',  ( 1.000000000000000000, 2.996270723527080669E-17, 8.648297666416508936E-18 ) ) ;
#2196 = CARTESIAN_POINT ( 'NONE',  ( -15.50000000000000355, -68.52843581539332263, 27.89013389362658657 ) ) ;
#2197 = CARTESIAN_POINT ( 'NONE',  ( -15.50000000000000355, -68.31694978017539199, -75.10240243145082673 ) ) ;
#2198 = DIRECTION ( 'NONE',  ( 1.000000000000000000, 2.996270723527080669E-17, 8.648297666416508936E-18 ) ) ;
#2199 = ORIENTED_EDGE ( 'NONE', *, *, #765, .F. ) ;
#2200 = VERTEX_POINT ( 'NONE', #153 ) ;
#2201 = ORIENTED_EDGE ( 'NONE', *, *, #1340, .F. ) ;
#2202 = VECTOR ( 'NONE', #2775, 1000.000000000000000 ) ;
#2203 = FACE_OUTER_BOUND ( 'NONE', #1579, .T. ) ;
#2204 = EDGE_CURVE ( 'NONE', #2722, #943, #2062, .T. ) ;
#2205 = VECTOR ( 'NONE', #697, 1000.000000000000000 ) ;
#2206 = DIRECTION ( 'NONE',  ( -0.000000000000000000, -1.000000000000000000, -0.000000000000000000 ) ) ;
#2207 = VERTEX_POINT ( 'NONE', #800 ) ;
#2208 = FACE_OUTER_BOUND ( 'NONE', #1188, .T. ) ;
#2209 = CARTESIAN_POINT ( 'NONE',  ( -18.50000000000000000, -65.52843581539332263, -82.10986610637343119 ) ) ;
#2210 = CARTESIAN_POINT ( 'NONE',  ( -18.50000000000000000, -60.45909735432832122, 37.89013389362658302 ) ) ;
#2211 = CARTESIAN_POINT ( 'NONE',  ( -18.50000000000000000, -68.52843581539332263, -72.10986610637341698 ) ) ;
#2212 = ADVANCED_FACE ( 'NONE', ( #2321 ), #558, .T. ) ;
#2213 = EDGE_LOOP ( 'NONE', ( #1843, #4, #2627, #2538, #78, #2003, #581 ) ) ;
#2214 = ORIENTED_EDGE ( 'NONE', *, *, #2647, .T. ) ;
#2215 = EDGE_CURVE ( 'NONE', #1356, #278, #613, .T. ) ;
#2216 = VERTEX_POINT ( 'NONE', #1434 ) ;
#2217 = DIRECTION ( 'NONE',  ( 1.000000000000000000, 2.996270723527081285E-17, 8.648297666416508936E-18 ) ) ;
#2218 = VECTOR ( 'NONE', #562, 1000.000000000000000 ) ;
#2219 = LINE ( 'NONE', #1979, #2220 ) ;
#2220 = VECTOR ( 'NONE', #497, 1000.000000000000227 ) ;
#2221 = ORIENTED_EDGE ( 'NONE', *, *, #1611, .F. ) ;
#2222 = DIRECTION ( 'NONE',  ( -1.000000000000000000, -0.000000000000000000, -0.000000000000000000 ) ) ;
#2223 = AXIS2_PLACEMENT_3D ( 'NONE', #2264, #1389, #2450 ) ;
#2224 = CARTESIAN_POINT ( 'NONE',  ( 18.50000000000000000, -60.45909735432832122, 18.80796696805457557 ) ) ;
#2225 = DIRECTION ( 'NONE',  ( 0.000000000000000000, -1.000000000000000000, 0.000000000000000000 ) ) ;
#2226 = VERTEX_POINT ( 'NONE', #1910 ) ;
#2227 = ORIENTED_EDGE ( 'NONE', *, *, #606, .F. ) ;
#2228 = EDGE_CURVE ( 'NONE', #1169, #1476, #2662, .T. ) ;
#2229 = ORIENTED_EDGE ( 'NONE', *, *, #2228, .F. ) ;
#2230 = EDGE_CURVE ( 'NONE', #614, #1567, #2090, .T. ) ;
#2231 = DIRECTION ( 'NONE',  ( 0.000000000000000000, -1.000000000000000000, 0.000000000000000000 ) ) ;
#2232 = DIRECTION ( 'NONE',  ( -0.000000000000000000, 0.9998065212833884274, 0.01967028213344334045 ) ) ;
#2233 = CARTESIAN_POINT ( 'NONE',  ( 18.50000000000000000, -68.52843581539332263, 55.77144679102833180 ) ) ;
#2234 = ORIENTED_EDGE ( 'NONE', *, *, #218, .F. ) ;
#2235 = DIRECTION ( 'NONE',  ( -0.000000000000000000, 0.2588190451025140781, -0.9659258262890700886 ) ) ;
#2236 = CARTESIAN_POINT ( 'NONE',  ( -18.50000000000000000, -60.45909735432832122, -82.10986610637343119 ) ) ;
#2237 = DIRECTION ( 'NONE',  ( -1.000000000000000000, -0.000000000000000000, -0.000000000000000000 ) ) ;
#2238 = DIRECTION ( 'NONE',  ( 1.000000000000000000, 0.000000000000000000, 0.000000000000000000 ) ) ;
#2239 = ORIENTED_EDGE ( 'NONE', *, *, #2215, .T. ) ;
#2240 = VERTEX_POINT ( 'NONE', #2115 ) ;
#2241 = ORIENTED_EDGE ( 'NONE', *, *, #132, .F. ) ;
#2242 = DIRECTION ( 'NONE',  ( 0.000000000000000000, 0.000000000000000000, -1.000000000000000000 ) ) ;
#2243 = DIRECTION ( 'NONE',  ( -0.7171680569728787757, -0.1932607914070112731, 0.6695672069049390940 ) ) ;
#2244 = LINE ( 'NONE', #1835, #2493 ) ;
#2245 = ORIENTED_EDGE ( 'NONE', *, *, #650, .T. ) ;
#2246 = LINE ( 'NONE', #2681, #222 ) ;
#2247 = VECTOR ( 'NONE', #2465, 999.9999999999998863 ) ;
#2248 = FACE_OUTER_BOUND ( 'NONE', #492, .T. ) ;
#2249 = CARTESIAN_POINT ( 'NONE',  ( 18.50000000000000000, -60.45909735432832122, 18.80796696805457557 ) ) ;
#2250 = APPLICATION_PROTOCOL_DEFINITION ( 'draft international standard', 'automotive_design', 1998, #2500 ) ;
#2251 = AXIS2_PLACEMENT_3D ( 'NONE', #984, #141, #1229 ) ;
#2252 = ORIENTED_EDGE ( 'NONE', *, *, #1501, .F. ) ;
#2253 = ORIENTED_EDGE ( 'NONE', *, *, #1235, .F. ) ;
#2254 = EDGE_CURVE ( 'NONE', #2650, #951, #2518, .T. ) ;
#2255 = AXIS2_PLACEMENT_3D ( 'NONE', #792, #2528, #2744 ) ;
#2256 = AXIS2_PLACEMENT_3D ( 'NONE', #1468, #1043, #1059 ) ;
#2257 = DIRECTION ( 'NONE',  ( 1.000000000000000000, -0.000000000000000000, -0.000000000000000000 ) ) ;
#2258 = LINE ( 'NONE', #1193, #2459 ) ;
#2259 = VECTOR ( 'NONE', #1069, 1000.000000000000000 ) ;
#2260 = CARTESIAN_POINT ( 'NONE',  ( 16.50000000000000000, -60.46480492784193217, 52.95253291175058763 ) ) ;
#2261 = AXIS2_PLACEMENT_3D ( 'NONE', #1574, #2708, #1531 ) ;
#2262 = DIRECTION ( 'NONE',  ( 0.000000000000000000, 0.000000000000000000, 1.000000000000000000 ) ) ;
#2263 = ORIENTED_EDGE ( 'NONE', *, *, #1845, .T. ) ;
#2264 = CARTESIAN_POINT ( 'NONE',  ( 28.99999999999997868, -68.52843581539332263, -92.10986610637341698 ) ) ;
#2265 = ADVANCED_FACE ( 'NONE', ( #601 ), #789, .F. ) ;
#2266 = CARTESIAN_POINT ( 'NONE',  ( -4.283134363241304143, -29.71438449380685753, -90.01885403967203558 ) ) ;
#2267 = AXIS2_PLACEMENT_3D ( 'NONE', #580, #2515, #374 ) ;
#2268 = FACE_OUTER_BOUND ( 'NONE', #888, .T. ) ;
#2269 = ORIENTED_EDGE ( 'NONE', *, *, #927, .F. ) ;
#2270 = DIRECTION ( 'NONE',  ( 0.000000000000000000, 0.2773148488694119895, -0.9607790977100486574 ) ) ;
#2271 = FACE_OUTER_BOUND ( 'NONE', #896, .T. ) ;
#2272 = CARTESIAN_POINT ( 'NONE',  ( 16.50000000000000000, -59.80480431824894083, 54.84049456266855316 ) ) ;
#2273 = CARTESIAN_POINT ( 'NONE',  ( 18.50000000000000000, -69.18843642498632107, 56.00217224270861749 ) ) ;
#2274 = VERTEX_POINT ( 'NONE', #584 ) ;
#2275 = DIRECTION ( 'NONE',  ( 0.000000000000000000, -0.9439808254589820979, 0.3300003047964937819 ) ) ;
#2276 = CIRCLE ( 'NONE', #1339, 8.701599496106892317 ) ;
#2277 = EDGE_CURVE ( 'NONE', #1689, #44, #399, .T. ) ;
#2278 = LINE ( 'NONE', #2763, #1766 ) ;
#2279 = DIRECTION ( 'NONE',  ( 1.000000000000000000, 0.000000000000000000, 0.000000000000000000 ) ) ;
#2280 =( NAMED_UNIT ( * ) PLANE_ANGLE_UNIT ( ) SI_UNIT ( $, .RADIAN. ) );
#2281 = EDGE_LOOP ( 'NONE', ( #25, #2626, #743, #351, #1495, #517 ) ) ;
#2282 = CARTESIAN_POINT ( 'NONE',  ( -16.50000000000000355, -59.80480431824894083, 54.84049456266855316 ) ) ;
#2283 = DIRECTION ( 'NONE',  ( 0.000000000000000000, -0.000000000000000000, -1.000000000000000000 ) ) ;
#2284 = DIRECTION ( 'NONE',  ( 1.000000000000000000, -0.000000000000000000, -0.000000000000000000 ) ) ;
#2285 = LINE ( 'NONE', #748, #1550 ) ;
#2286 = VERTEX_POINT ( 'NONE', #1633 ) ;
#2287 = CARTESIAN_POINT ( 'NONE',  ( -19.21999999999999886, -42.46605186539409260, -93.40714498279402278 ) ) ;
#2288 = EDGE_CURVE ( 'NONE', #842, #467, #1227, .T. ) ;
#2289 = CIRCLE ( 'NONE', #489, 8.701599496106892317 ) ;
#2290 = DIRECTION ( 'NONE',  ( -1.000000000000000000, -0.000000000000000000, -0.000000000000000000 ) ) ;
#2291 = ORIENTED_EDGE ( 'NONE', *, *, #2054, .F. ) ;
#2292 = CARTESIAN_POINT ( 'NONE',  ( -18.50000000000000000, -68.52843581539332263, -102.1098661063734170 ) ) ;
#2293 =( GEOMETRIC_REPRESENTATION_CONTEXT ( 3 ) GLOBAL_UNCERTAINTY_ASSIGNED_CONTEXT ( ( #9 ) ) GLOBAL_UNIT_ASSIGNED_CONTEXT ( ( #2654, #2280, #1620 ) ) REPRESENTATION_CONTEXT ( 'NONE', 'WORKASPACE' ) );
#2294 = ORIENTED_EDGE ( 'NONE', *, *, #522, .F. ) ;
#2295 = EDGE_CURVE ( 'NONE', #2600, #1947, #2529, .T. ) ;
#2296 = DIRECTION ( 'NONE',  ( 0.000000000000000000, -0.9607790977100479912, -0.2773148488694143210 ) ) ;
#2297 = EDGE_CURVE ( 'NONE', #1478, #1852, #2749, .T. ) ;
#2298 = CARTESIAN_POINT ( 'NONE',  ( 16.50000000000000000, -43.38541675371831730, 37.14984300700837849 ) ) ;
#2299 = DIRECTION ( 'NONE',  ( 1.000000000000000000, -2.126155277773517435E-17, -6.136836562472993769E-18 ) ) ;
#2300 = AXIS2_PLACEMENT_3D ( 'NONE', #284, #2668, #2451 ) ;
#2301 = PLANE ( 'NONE',  #458 ) ;
#2302 = LINE ( 'NONE', #2058, #1773 ) ;
#2303 = EDGE_LOOP ( 'NONE', ( #2428, #226, #2341, #2733 ) ) ;
#2304 = DIRECTION ( 'NONE',  ( -0.000000000000000000, 1.000000000000000000, 0.000000000000000000 ) ) ;
#2305 = VECTOR ( 'NONE', #200, 1000.000000000000000 ) ;
#2306 = DIRECTION ( 'NONE',  ( -1.000000000000000000, -0.000000000000000000, -0.000000000000000000 ) ) ;
#2307 = ORIENTED_EDGE ( 'NONE', *, *, #439, .F. ) ;
#2308 = LINE ( 'NONE', #2494, #1270 ) ;
#2309 = VECTOR ( 'NONE', #7, 1000.000000000000000 ) ;
#2310 = VERTEX_POINT ( 'NONE', #2534 ) ;
#2311 = FACE_OUTER_BOUND ( 'NONE', #847, .T. ) ;
#2312 = VECTOR ( 'NONE', #1178, 1000.000000000000114 ) ;
#2313 = EDGE_CURVE ( 'NONE', #2226, #162, #1464, .T. ) ;
#2314 = EDGE_CURVE ( 'NONE', #113, #1791, #1036, .T. ) ;
#2315 = CARTESIAN_POINT ( 'NONE',  ( 45.14557498262445989, -46.63085787963996864, -95.78945017483094659 ) ) ;
#2316 = ADVANCED_FACE ( 'NONE', ( #1700 ), #627, .F. ) ;
#2317 = FACE_OUTER_BOUND ( 'NONE', #1066, .T. ) ;
#2318 = CARTESIAN_POINT ( 'NONE',  ( -5.308970225913368424, -29.47781305102079230, -90.83847440356748848 ) ) ;
#2319 = ORIENTED_EDGE ( 'NONE', *, *, #268, .F. ) ;
#2320 = DIRECTION ( 'NONE',  ( -8.979589471384584340E-16, -0.2588190451025122463, 0.9659258262890707547 ) ) ;
#2321 = FACE_OUTER_BOUND ( 'NONE', #2356, .T. ) ;
#2322 = ORIENTED_EDGE ( 'NONE', *, *, #1487, .T. ) ;
#2323 = PLANE ( 'NONE',  #1632 ) ;
#2324 = ORIENTED_EDGE ( 'NONE', *, *, #239, .T. ) ;
#2325 = VECTOR ( 'NONE', #2407, 1000.000000000000000 ) ;
#2326 = CARTESIAN_POINT ( 'NONE',  ( -16.30000000000000782, -24.39513429522384413, -97.02894413646475869 ) ) ;
#2327 = CARTESIAN_POINT ( 'NONE',  ( 18.50000000000000355, -46.63085787963996154, -95.78945017483094659 ) ) ;
#2328 = CARTESIAN_POINT ( 'NONE',  ( 45.14557498262445989, -37.31182116763124412, -113.4797343673739363 ) ) ;
#2329 = ORIENTED_EDGE ( 'NONE', *, *, #552, .F. ) ;
#2330 = DIRECTION ( 'NONE',  ( 0.000000000000000000, -1.000000000000000000, 0.000000000000000000 ) ) ;
#2331 = EDGE_CURVE ( 'NONE', #2009, #698, #1460, .T. ) ;
#2332 = DIRECTION ( 'NONE',  ( 0.000000000000000000, 0.2773148488694123226, -0.9607790977100485463 ) ) ;
#2333 = ORIENTED_EDGE ( 'NONE', *, *, #1258, .F. ) ;
#2334 = VECTOR ( 'NONE', #62, 1000.000000000000000 ) ;
#2335 = FACE_OUTER_BOUND ( 'NONE', #364, .T. ) ;
#2336 = VECTOR ( 'NONE', #1463, 1000.000000000000000 ) ;
#2337 = ORIENTED_EDGE ( 'NONE', *, *, #2423, .F. ) ;
#2338 = DIRECTION ( 'NONE',  ( 0.000000000000000000, -0.2588190451025140781, 0.9659258262890700886 ) ) ;
#2339 = CARTESIAN_POINT ( 'NONE',  ( 18.50000000000000000, -35.09982425510538206, -63.64729851156845797 ) ) ;
#2340 = PLANE ( 'NONE',  #1145 ) ;
#2341 = ORIENTED_EDGE ( 'NONE', *, *, #2230, .F. ) ;
#2342 = EDGE_CURVE ( 'NONE', #1476, #120, #2486, .T. ) ;
#2343 = CARTESIAN_POINT ( 'NONE',  ( 18.50000000000000000, -60.69984461023085487, 31.04473483948194712 ) ) ;
#2344 = EDGE_LOOP ( 'NONE', ( #1535, #571, #2157, #251 ) ) ;
#2345 = FACE_OUTER_BOUND ( 'NONE', #2443, .T. ) ;
#2346 = EDGE_CURVE ( 'NONE', #1224, #2216, #1669, .T. ) ;
#2347 = AXIS2_PLACEMENT_3D ( 'NONE', #2197, #1391, #2464 ) ;
#2348 = EDGE_LOOP ( 'NONE', ( #1082, #1779, #2229, #2333 ) ) ;
#2349 = LINE ( 'NONE', #1477, #410 ) ;
#2350 = EDGE_CURVE ( 'NONE', #2147, #1462, #2514, .T. ) ;
#2351 = AXIS2_PLACEMENT_3D ( 'NONE', #1086, #2117, #846 ) ;
#2352 = ORIENTED_EDGE ( 'NONE', *, *, #1386, .F. ) ;
#2353 = DIRECTION ( 'NONE',  ( 0.000000000000000000, 0.2773148488694147651, -0.9607790977100478802 ) ) ;
#2354 = VECTOR ( 'NONE', #576, 1000.000000000000000 ) ;
#2355 = ORIENTED_EDGE ( 'NONE', *, *, #703, .F. ) ;
#2356 = EDGE_LOOP ( 'NONE', ( #2563, #456, #1607, #898, #1899, #815, #224, #2103, #554, #1151, #1092, #1767, #1085, #2790, #1393, #168, #885, #243, #1752, #1203, #2687, #1793, #1974 ) ) ;
#2357 = FACE_OUTER_BOUND ( 'NONE', #13, .T. ) ;
#2358 = EDGE_LOOP ( 'NONE', ( #52, #701, #2560, #2199, #1502, #1764, #142, #1489, #490, #2403, #77, #1448, #642, #2519, #727, #1473, #1606, #1142, #1926, #1424, #2794, #386, #1995, #1326, #634, #949, #797 ) ) ;
#2359 = AXIS2_PLACEMENT_3D ( 'NONE', #1772, #2635, #512 ) ;
#2360 = CARTESIAN_POINT ( 'NONE',  ( -18.50000000000000000, -51.01196067856966465, -92.64724857084821963 ) ) ;
#2361 = MECHANICAL_DESIGN_GEOMETRIC_PRESENTATION_REPRESENTATION (  '', ( #70 ), #2584 ) ;
#2362 = ORIENTED_EDGE ( 'NONE', *, *, #546, .F. ) ;
#2363 = DIRECTION ( 'NONE',  ( 0.000000000000000000, 0.000000000000000000, 1.000000000000000000 ) ) ;
#2364 = EDGE_LOOP ( 'NONE', ( #2201, #314, #819, #236 ) ) ;
#2365 = EDGE_CURVE ( 'NONE', #1316, #1367, #1641, .T. ) ;
#2366 = DIRECTION ( 'NONE',  ( -0.000000000000000000, -0.2773148488694199276, 0.9607790977100463259 ) ) ;
#2367 = ORIENTED_EDGE ( 'NONE', *, *, #1098, .T. ) ;
#2368 = DIRECTION ( 'NONE',  ( 2.126155277773517435E-17, 1.000000000000000000, 0.000000000000000000 ) ) ;
#2369 = LINE ( 'NONE', #2577, #2205 ) ;
#2370 = VERTEX_POINT ( 'NONE', #123 ) ;
#2371 = ORIENTED_EDGE ( 'NONE', *, *, #2731, .T. ) ;
#2372 = VECTOR ( 'NONE', #1346, 1000.000000000000000 ) ;
#2373 = CARTESIAN_POINT ( 'NONE',  ( 18.50000000000000000, -65.52843581539332263, 37.89013389362658302 ) ) ;
#2374 = ORIENTED_EDGE ( 'NONE', *, *, #2592, .F. ) ;
#2375 = DIRECTION ( 'NONE',  ( -1.000000000000000000, -0.000000000000000000, -0.000000000000000000 ) ) ;
#2376 = VERTEX_POINT ( 'NONE', #992 ) ;
#2377 = PLANE ( 'NONE',  #1081 ) ;
#2378 = ORIENTED_EDGE ( 'NONE', *, *, #2649, .T. ) ;
#2379 = DIRECTION ( 'NONE',  ( 1.000000000000000000, -0.000000000000000000, -0.000000000000000000 ) ) ;
#2380 = SURFACE_STYLE_USAGE ( .BOTH. , #1968 ) ;
#2381 = LINE ( 'NONE', #666, #2480 ) ;
#2382 = DIRECTION ( 'NONE',  ( 3.117615949825537201E-17, -0.9673913721168582169, -0.2532862672034597584 ) ) ;
#2383 = ORIENTED_EDGE ( 'NONE', *, *, #1204, .T. ) ;
#2384 = VERTEX_POINT ( 'NONE', #359 ) ;
#2385 = EDGE_CURVE ( 'NONE', #1388, #1819, #2069, .T. ) ;
#2386 = DIRECTION ( 'NONE',  ( -0.000000000000000000, 1.000000000000000000, 0.000000000000000000 ) ) ;
#2387 = ORIENTED_EDGE ( 'NONE', *, *, #2685, .T. ) ;
#2388 =( BOUNDED_CURVE ( )  B_SPLINE_CURVE ( 3, ( #718, #2432, #269, #1967 ),
 .UNSPECIFIED., .F., .T. ) 
 B_SPLINE_CURVE_WITH_KNOTS ( ( 4, 4 ),
 ( 0.000000000000000000, 1.570796326794896558 ),
 .UNSPECIFIED. ) 
 CURVE ( )  GEOMETRIC_REPRESENTATION_ITEM ( )  RATIONAL_B_SPLINE_CURVE ( ( 1.000000000000000000, 0.8047378541243649375, 0.8047378541243649375, 1.000000000000000000 ) ) 
 REPRESENTATION_ITEM ( '' )  );
#2389 = AXIS2_PLACEMENT_3D ( 'NONE', #778, #2453, #129 ) ;
#2390 = ADVANCED_FACE ( 'NONE', ( #1005 ), #1031, .F. ) ;
#2391 = DIRECTION ( 'NONE',  ( 0.000000000000000000, -0.9607790977100492125, -0.2773148488694102687 ) ) ;
#2392 = LINE ( 'NONE', #225, #1900 ) ;
#2393 = ORIENTED_EDGE ( 'NONE', *, *, #383, .T. ) ;
#2394 = LINE ( 'NONE', #461, #2039 ) ;
#2395 = CARTESIAN_POINT ( 'NONE',  ( -28.99999999999997868, -65.52843581539332263, -82.10986610637343119 ) ) ;
#2396 = CARTESIAN_POINT ( 'NONE',  ( -7.816563279583467860, -28.91304912743990485, -90.09063624081396426 ) ) ;
#2397 = AXIS2_PLACEMENT_3D ( 'NONE', #1429, #335, #384 ) ;
#2398 = LINE ( 'NONE', #2155, #1765 ) ;
#2399 = CARTESIAN_POINT ( 'NONE',  ( 18.50000000000000000, -60.45909735432832122, 37.89013389362658302 ) ) ;
#2400 = VERTEX_POINT ( 'NONE', #2471 ) ;
#2401 = TOROIDAL_SURFACE ( 'NONE', #1323, 23.81967071551523318, 2.000000000000000000 ) ;
#2402 = ORIENTED_EDGE ( 'NONE', *, *, #409, .T. ) ;
#2403 = ORIENTED_EDGE ( 'NONE', *, *, #147, .T. ) ;
#2404 = VECTOR ( 'NONE', #1205, 1000.000000000000000 ) ;
#2405 = EDGE_CURVE ( 'NONE', #1358, #1747, #2057, .T. ) ;
#2406 = ADVANCED_FACE ( 'NONE', ( #1401 ), #2301, .F. ) ;
#2407 = DIRECTION ( 'NONE',  ( 1.000000000000000000, 0.000000000000000000, 0.000000000000000000 ) ) ;
#2408 = CIRCLE ( 'NONE', #1237, 16.00000000000000000 ) ;
#2409 = AXIS2_PLACEMENT_3D ( 'NONE', #692, #2195, #1925 ) ;
#2410 = DIRECTION ( 'NONE',  ( -1.000000000000000000, -0.000000000000000000, -0.000000000000000000 ) ) ;
#2411 = DIRECTION ( 'NONE',  ( -3.118584418279381608E-17, 0.9607790977100484353, 0.2773148488694124336 ) ) ;
#2412 = CARTESIAN_POINT ( 'NONE',  ( -38.75173815440285807, -37.56802381378270894, -108.7859251923032957 ) ) ;
#2413 = CARTESIAN_POINT ( 'NONE',  ( 9.700000000000009948, -31.39513429522387256, -97.02894413646475869 ) ) ;
#2414 = CARTESIAN_POINT ( 'NONE',  ( -19.21999999999999886, -43.32572789688926918, -90.42872977989290462 ) ) ;
#2415 = ORIENTED_EDGE ( 'NONE', *, *, #2297, .T. ) ;
#2416 = ORIENTED_EDGE ( 'NONE', *, *, #2084, .T. ) ;
#2417 = ORIENTED_EDGE ( 'NONE', *, *, #736, .T. ) ;
#2418 = CARTESIAN_POINT ( 'NONE',  ( 12.50000000000000178, -21.47497392713929543, -104.1409014737405840 ) ) ;
#2419 = EDGE_CURVE ( 'NONE', #1164, #2376, #2704, .T. ) ;
#2420 = LINE ( 'NONE', #473, #1593 ) ;
#2421 = LINE ( 'NONE', #2395, #2130 ) ;
#2422 = CARTESIAN_POINT ( 'NONE',  ( -18.50000000000000355, -68.52843581539332263, 29.13301505179725126 ) ) ;
#2423 = EDGE_CURVE ( 'NONE', #681, #1478, #2068, .T. ) ;
#2424 = DIRECTION ( 'NONE',  ( 0.000000000000000000, 0.2773148488694043290, -0.9607790977100507668 ) ) ;
#2425 = DIRECTION ( 'NONE',  ( 0.000000000000000000, -0.9607790977100492125, -0.2773148488694101577 ) ) ;
#2426 = ORIENTED_EDGE ( 'NONE', *, *, #2064, .T. ) ;
#2427 = ORIENTED_EDGE ( 'NONE', *, *, #557, .F. ) ;
#2428 = ORIENTED_EDGE ( 'NONE', *, *, #2419, .T. ) ;
#2429 = VECTOR ( 'NONE', #2571, 1000.000000000000227 ) ;
#2430 = CARTESIAN_POINT ( 'NONE',  ( 12.49999999999999112, -39.24392558461045155, -102.9796317399653560 ) ) ;
#2431 = AXIS2_PLACEMENT_3D ( 'NONE', #249, #2639, #1107 ) ;
#2432 = CARTESIAN_POINT ( 'NONE',  ( -17.67157287525381548, -68.52843581539332263, 57.89013389362657591 ) ) ;
#2433 = EDGE_LOOP ( 'NONE', ( #1382, #315, #2614, #787 ) ) ;
#2434 = CARTESIAN_POINT ( 'NONE',  ( -16.50000000000000355, -68.32530352411407648, 30.46722048755738044 ) ) ;
#2435 = EDGE_CURVE ( 'NONE', #262, #2600, #868, .T. ) ;
#2436 = PRODUCT_DEFINITION ( 'UNKNOWN', '', #809, #1666 ) ;
#2437 = DIRECTION ( 'NONE',  ( 0.000000000000000000, 0.000000000000000000, -1.000000000000000000 ) ) ;
#2438 = CARTESIAN_POINT ( 'NONE',  ( -19.21999999999999886, -51.28927552743907370, -91.68646947313818885 ) ) ;
#2439 = CARTESIAN_POINT ( 'NONE',  ( -18.49999999999998224, -65.52843581539332263, -92.10986610637341698 ) ) ;
#2441 = EDGE_CURVE ( 'NONE', #1476, #1478, #795, .T. ) ;
#2440 = AXIS2_PLACEMENT_3D ( 'NONE', #172, #160, #1415 ) ;
#2442 = ORIENTED_EDGE ( 'NONE', *, *, #491, .T. ) ;
#2443 = EDGE_LOOP ( 'NONE', ( #378, #866, #761, #2137 ) ) ;
#2444 = ORIENTED_EDGE ( 'NONE', *, *, #1895, .T. ) ;
#2445 = CARTESIAN_POINT ( 'NONE',  ( 45.14557498262445989, -32.89513429522406085, -97.02894413646446026 ) ) ;
#2446 = CYLINDRICAL_SURFACE ( 'NONE', #1504, 16.00000000000000711 ) ;
#2447 = CARTESIAN_POINT ( 'NONE',  ( -28.99999999999997868, -65.52843581539332263, 47.89013389362658302 ) ) ;
#2448 = VECTOR ( 'NONE', #831, 1000.000000000000000 ) ;
#2449 = ORIENTED_EDGE ( 'NONE', *, *, #1987, .F. ) ;
#2450 = DIRECTION ( 'NONE',  ( 1.000000000000000000, 0.000000000000000000, -0.000000000000000000 ) ) ;
#2451 = DIRECTION ( 'NONE',  ( 0.000000000000000000, -0.07049534507264076932, 0.9975121083591362847 ) ) ;
#2452 = FACE_OUTER_BOUND ( 'NONE', #2176, .T. ) ;
#2453 = DIRECTION ( 'NONE',  ( 0.000000000000000000, -1.000000000000000000, 0.000000000000000000 ) ) ;
#2454 = EDGE_LOOP ( 'NONE', ( #533, #2253, #2456, #1878 ) ) ;
#2455 = VERTEX_POINT ( 'NONE', #1238 ) ;
#2456 = ORIENTED_EDGE ( 'NONE', *, *, #1626, .F. ) ;
#2457 = CARTESIAN_POINT ( 'NONE',  ( -15.50000000000000355, -60.45909735432832122, 18.80796696805457557 ) ) ;
#2458 = DIRECTION ( 'NONE',  ( 1.000000000000000000, 0.000000000000000000, 0.000000000000000000 ) ) ;
#2459 = VECTOR ( 'NONE', #978, 1000.000000000000000 ) ;
#2460 = CARTESIAN_POINT ( 'NONE',  ( -28.99999999999997868, -68.52843581539332263, 37.89013389362658302 ) ) ;
#2461 = ORIENTED_EDGE ( 'NONE', *, *, #848, .F. ) ;
#2462 = DIRECTION ( 'NONE',  ( 0.000000000000000000, -0.9998065212833885385, -0.01967028213344334045 ) ) ;
#2463 = LINE ( 'NONE', #2476, #956 ) ;
#2464 = DIRECTION ( 'NONE',  ( 0.000000000000000000, 0.07049534507264076932, -0.9975121083591362847 ) ) ;
#2465 = DIRECTION ( 'NONE',  ( -0.000000000000000000, -0.2773148488694147651, 0.9607790977100478802 ) ) ;
#2466 = VERTEX_POINT ( 'NONE', #2098 ) ;
#2467 = VERTEX_POINT ( 'NONE', #2718 ) ;
#2468 = CARTESIAN_POINT ( 'NONE',  ( 18.50000000000000000, -68.52843581539332263, -72.10986610637341698 ) ) ;
#2469 = CARTESIAN_POINT ( 'NONE',  ( 12.49999999999999645, -32.89513429522406085, -97.02894413646446026 ) ) ;
#2470 = ADVANCED_FACE ( 'NONE', ( #551 ), #1180, .T. ) ;
#2471 = CARTESIAN_POINT ( 'NONE',  ( -5.308970225913367535, -29.99082437250211441, -89.06110634492462452 ) ) ;
#2472 = DIRECTION ( 'NONE',  ( 0.000000000000000000, 0.000000000000000000, -1.000000000000000000 ) ) ;
#2473 = ORIENTED_EDGE ( 'NONE', *, *, #799, .T. ) ;
#2474 = LINE ( 'NONE', #1375, #1596 ) ;
#2475 = VECTOR ( 'NONE', #1299, 1000.000000000000000 ) ;
#2476 = CARTESIAN_POINT ( 'NONE',  ( -19.21999999999999886, -42.46605186539409260, -93.40714498279402278 ) ) ;
#2477 = LINE ( 'NONE', #354, #2753 ) ;
#2478 = CARTESIAN_POINT ( 'NONE',  ( 28.99999999999997868, -68.52843581539332263, 37.89013389362658302 ) ) ;
#2479 = EDGE_LOOP ( 'NONE', ( #2461, #1724, #2091, #1509 ) ) ;
#2480 = VECTOR ( 'NONE', #47, 1000.000000000000000 ) ;
#2481 = LINE ( 'NONE', #2527, #1363 ) ;
#2482 = CARTESIAN_POINT ( 'NONE',  ( -15.50000000000000355, -48.63699991277163548, 21.97568843036164665 ) ) ;
#2483 = AXIS2_PLACEMENT_3D ( 'NONE', #2751, #817, #1436 ) ;
#2484 = EDGE_CURVE ( 'NONE', #1905, #1367, #2085, .T. ) ;
#2485 = EDGE_CURVE ( 'NONE', #2036, #1662, #1581, .T. ) ;
#2486 = LINE ( 'NONE', #2745, #105 ) ;
#2487 = EDGE_CURVE ( 'NONE', #1836, #2274, #785, .T. ) ;
#2488 = VECTOR ( 'NONE', #972, 999.9999999999998863 ) ;
#2489 = PLANE ( 'NONE',  #26 ) ;
#2490 = ORIENTED_EDGE ( 'NONE', *, *, #1211, .T. ) ;
#2491 = DIRECTION ( 'NONE',  ( 0.000000000000000000, 0.000000000000000000, -1.000000000000000000 ) ) ;
#2492 = CARTESIAN_POINT ( 'NONE',  ( 15.50000000000000000, -34.67086345450050544, -69.71711194639712517 ) ) ;
#2493 = VECTOR ( 'NONE', #2705, 1000.000000000000000 ) ;
#2494 = CARTESIAN_POINT ( 'NONE',  ( -18.50000000000000000, -48.63699991277163548, 21.97568843036164665 ) ) ;
#2495 = EDGE_CURVE ( 'NONE', #1462, #380, #2, .T. ) ;
#2496 = EDGE_LOOP ( 'NONE', ( #2640, #337, #1494, #1656 ) ) ;
#2497 = VECTOR ( 'NONE', #18, 1000.000000000000000 ) ;
#2498 = DIRECTION ( 'NONE',  ( -0.000000000000000000, -0.9607790977100484353, -0.2773148488694126557 ) ) ;
#2499 = CARTESIAN_POINT ( 'NONE',  ( 18.50000000000000000, -65.52843581539332263, 18.80796696805457557 ) ) ;
#2500 = APPLICATION_CONTEXT ( 'automotive_design' ) ;
#2501 = ADVANCED_FACE ( 'NONE', ( #1886 ), #590, .F. ) ;
#2502 = CARTESIAN_POINT ( 'NONE',  ( -16.30000000000000782, -41.39513429522386190, -97.02894413646475869 ) ) ;
#2503 = LINE ( 'NONE', #2273, #2128 ) ;
#2504 = ORIENTED_EDGE ( 'NONE', *, *, #1782, .F. ) ;
#2505 = CARTESIAN_POINT ( 'NONE',  ( 18.50000000000000000, -25.63469666018047732, -89.72921500808980966 ) ) ;
#2506 = CIRCLE ( 'NONE', #612, 2.000000000000001332 ) ;
#2507 = ADVANCED_FACE ( 'NONE', ( #2311 ), #1029, .F. ) ;
#2508 = ORIENTED_EDGE ( 'NONE', *, *, #33, .F. ) ;
#2509 = DIRECTION ( 'NONE',  ( -0.000000000000000000, -0.2588190451025141892, 0.9659258262890700886 ) ) ;
#2510 = EDGE_CURVE ( 'NONE', #2777, #1905, #1231, .T. ) ;
#2511 = ORIENTED_EDGE ( 'NONE', *, *, #2193, .T. ) ;
#2512 = DIRECTION ( 'NONE',  ( 0.000000000000000000, -0.2773148488694125446, 0.9607790977100485463 ) ) ;
#2513 = DIRECTION ( 'NONE',  ( -0.000000000000000000, -0.2773148488694123226, 0.9607790977100485463 ) ) ;
#2514 = LINE ( 'NONE', #1834, #596 ) ;
#2515 = DIRECTION ( 'NONE',  ( 0.000000000000000000, 0.9439808254589819869, -0.3300003047964940595 ) ) ;
#2516 = ORIENTED_EDGE ( 'NONE', *, *, #2592, .T. ) ;
#2517 = DIRECTION ( 'NONE',  ( 0.000000000000000000, 0.000000000000000000, -1.000000000000000000 ) ) ;
#2518 = LINE ( 'NONE', #2545, #2177 ) ;
#2519 = ORIENTED_EDGE ( 'NONE', *, *, #218, .T. ) ;
#2520 = CARTESIAN_POINT ( 'NONE',  ( 15.50000000000000000, -68.52843581539332263, -72.10986610637341698 ) ) ;
#2521 = EDGE_CURVE ( 'NONE', #1852, #120, #605, .T. ) ;
#2522 = VECTOR ( 'NONE', #1901, 1000.000000000000000 ) ;
#2523 = EDGE_CURVE ( 'NONE', #1224, #2141, #1125, .T. ) ;
#2524 = ORIENTED_EDGE ( 'NONE', *, *, #855, .F. ) ;
#2525 = VECTOR ( 'NONE', #696, 1000.000000000000000 ) ;
#2526 = LINE ( 'NONE', #1479, #1309 ) ;
#2527 = CARTESIAN_POINT ( 'NONE',  ( -12.49999999999999822, -48.69339500522166730, -96.38477138095574048 ) ) ;
#2528 = DIRECTION ( 'NONE',  ( 0.000000000000000000, -0.2773148488694125446, 0.9607790977100485463 ) ) ;
#2529 = CIRCLE ( 'NONE', #1809, 3.000000000000004441 ) ;
#2530 = LINE ( 'NONE', #810, #2725 ) ;
#2531 = VERTEX_POINT ( 'NONE', #865 ) ;
#2532 = LINE ( 'NONE', #1024, #135 ) ;
#2533 = CIRCLE ( 'NONE', #1546, 8.500000000000007105 ) ;
#2534 = CARTESIAN_POINT ( 'NONE',  ( -4.283134363241304143, -29.71438449380685753, -90.01885403967203558 ) ) ;
#2535 = ORIENTED_EDGE ( 'NONE', *, *, #2342, .T. ) ;
#2536 = VECTOR ( 'NONE', #1222, 1000.000000000000000 ) ;
#2537 = CARTESIAN_POINT ( 'NONE',  ( -6.681356158756869057, -39.80618835140381861, -93.81960902891367482 ) ) ;
#2538 = ORIENTED_EDGE ( 'NONE', *, *, #1884, .T. ) ;
#2539 = CARTESIAN_POINT ( 'NONE',  ( -15.50000000000000355, -26.32443435597217984, -61.29593987482755324 ) ) ;
#2540 = CARTESIAN_POINT ( 'NONE',  ( -18.50000000000000000, -50.42959949594389002, -94.66488467603929280 ) ) ;
#2541 = ADVANCED_FACE ( 'NONE', ( #157 ), #1873, .F. ) ;
#2542 = CARTESIAN_POINT ( 'NONE',  ( 18.50000000000000000, -60.45909735432832122, 47.89013389362658302 ) ) ;
#2543 = VERTEX_POINT ( 'NONE', #2326 ) ;
#2544 = CARTESIAN_POINT ( 'NONE',  ( 9.700000000000009948, -32.89513429522386900, -97.02894413646475869 ) ) ;
#2545 = CARTESIAN_POINT ( 'NONE',  ( -28.99999999999997868, -68.52843581539332263, -82.10986610637343119 ) ) ;
#2546 = ORIENTED_EDGE ( 'NONE', *, *, #1848, .F. ) ;
#2547 = DIRECTION ( 'NONE',  ( -4.688635108301841505E-16, 0.2773148488694119895, -0.9607790977100486574 ) ) ;
#2548 = EDGE_LOOP ( 'NONE', ( #301, #749 ) ) ;
#2549 = VECTOR ( 'NONE', #94, 1000.000000000000000 ) ;
#2550 = ADVANCED_FACE ( 'NONE', ( #2754 ), #1711, .T. ) ;
#2551 = CARTESIAN_POINT ( 'NONE',  ( -15.50000000000000355, -34.67086345450050544, -69.71711194639712517 ) ) ;
#2552 = FACE_OUTER_BOUND ( 'NONE', #1361, .T. ) ;
#2553 = DIRECTION ( 'NONE',  ( 2.040851148208006519E-16, -1.000000000000000000, 0.000000000000000000 ) ) ;
#2554 = ORIENTED_EDGE ( 'NONE', *, *, #320, .F. ) ;
#2555 = LINE ( 'NONE', #2360, #1161 ) ;
#2556 = EDGE_CURVE ( 'NONE', #300, #1467, #1256, .T. ) ;
#2557 = VERTEX_POINT ( 'NONE', #1456 ) ;
#2558 = DIRECTION ( 'NONE',  ( 1.000000000000000000, 0.000000000000000000, -0.000000000000000000 ) ) ;
#2559 = DIRECTION ( 'NONE',  ( 0.6969002640677831595, -0.1988813513334041494, 0.6890400786848710490 ) ) ;
#2560 = ORIENTED_EDGE ( 'NONE', *, *, #1100, .F. ) ;
#2561 = CARTESIAN_POINT ( 'NONE',  ( 45.14557498262445989, -46.63085787963996864, -95.78945017483094659 ) ) ;
#2562 = AXIS2_PLACEMENT_3D ( 'NONE', #887, #1308, #1939 ) ;
#2563 = ORIENTED_EDGE ( 'NONE', *, *, #2607, .T. ) ;
#2564 = DIRECTION ( 'NONE',  ( -0.000000000000000000, -0.2773148488694052172, 0.9607790977100505447 ) ) ;
#2565 = ORIENTED_EDGE ( 'NONE', *, *, #2608, .F. ) ;
#2566 = EDGE_LOOP ( 'NONE', ( #1245, #2624, #2065, #438, #1542, #2781, #421, #1555, #2535, #1026, #1644, #2582, #870, #2699, #1417, #929 ) ) ;
#2567 = DIRECTION ( 'NONE',  ( 4.336808689942013792E-16, 0.9607790977100485463, 0.2773148488694121561 ) ) ;
#2568 = VERTEX_POINT ( 'NONE', #1285 ) ;
#2569 = DIRECTION ( 'NONE',  ( 0.000000000000000000, 0.2773148488694124891, -0.9607790977100486574 ) ) ;
#2570 = ORIENTED_EDGE ( 'NONE', *, *, #2142, .F. ) ;
#2571 = DIRECTION ( 'NONE',  ( -1.666051518090366785E-15, -0.2773148488694030522, 0.9607790977100510998 ) ) ;
#2572 = ORIENTED_EDGE ( 'NONE', *, *, #237, .F. ) ;
#2573 = CARTESIAN_POINT ( 'NONE',  ( -15.50000000000000355, -68.52843581539332263, 27.89013389362658657 ) ) ;
#2574 = SURFACE_STYLE_FILL_AREA ( #1718 ) ;
#2575 = VERTEX_POINT ( 'NONE', #1928 ) ;
#2576 = CARTESIAN_POINT ( 'NONE',  ( -16.30000000000000782, -32.89513429522385479, -97.02894413646475869 ) ) ;
#2577 = CARTESIAN_POINT ( 'NONE',  ( -4.283134363241304143, -29.71438449380685753, -90.01885403967203558 ) ) ;
#2578 = VECTOR ( 'NONE', #1469, 1000.000000000000000 ) ;
#2579 = VERTEX_POINT ( 'NONE', #617 ) ;
#2580 = ORIENTED_EDGE ( 'NONE', *, *, #2118, .F. ) ;
#2581 = CARTESIAN_POINT ( 'NONE',  ( -18.50000000000000000, -60.46480492784193217, 52.95253291175058763 ) ) ;
#2582 = ORIENTED_EDGE ( 'NONE', *, *, #1135, .T. ) ;
#2583 = VECTOR ( 'NONE', #1196, 1000.000000000000000 ) ;
#2584 =( GEOMETRIC_REPRESENTATION_CONTEXT ( 3 ) GLOBAL_UNCERTAINTY_ASSIGNED_CONTEXT ( ( #266 ) ) GLOBAL_UNIT_ASSIGNED_CONTEXT ( ( #35, #2605, #1758 ) ) REPRESENTATION_CONTEXT ( 'NONE', 'WORKASPACE' ) );
#2585 = CARTESIAN_POINT ( 'NONE',  ( -8.700000000000001066, -39.80618835140381861, -93.81960902891367482 ) ) ;
#2586 = EDGE_CURVE ( 'NONE', #1819, #2650, #199, .T. ) ;
#2587 = VERTEX_POINT ( 'NONE', #849 ) ;
#2588 = FACE_OUTER_BOUND ( 'NONE', #1304, .T. ) ;
#2589 = EDGE_LOOP ( 'NONE', ( #125, #90, #1283, #1938 ) ) ;
#2590 = CARTESIAN_POINT ( 'NONE',  ( 15.50000000000000000, -26.32443435597217984, -61.29593987482755324 ) ) ;
#2591 = CARTESIAN_POINT ( 'NONE',  ( -16.30000000000000782, -32.89513429522385479, -97.02894413646475869 ) ) ;
#2592 = EDGE_CURVE ( 'NONE', #2400, #1037, #2095, .T. ) ;
#2593 = EDGE_CURVE ( 'NONE', #262, #277, #2661, .T. ) ;
#2594 = CARTESIAN_POINT ( 'NONE',  ( 18.50000000000000355, -68.52843581539332263, 47.89013389362658302 ) ) ;
#2595 = CYLINDRICAL_SURFACE ( 'NONE', #450, 1.999999999999998002 ) ;
#2596 = EDGE_LOOP ( 'NONE', ( #220, #1780, #2783, #1345 ) ) ;
#2597 = VERTEX_POINT ( 'NONE', #2741 ) ;
#2598 = CIRCLE ( 'NONE', #1784, 2.000000000000003553 ) ;
#2599 = CARTESIAN_POINT ( 'NONE',  ( -12.50000000000000888, -32.89513429522406085, -97.02894413646446026 ) ) ;
#2600 = VERTEX_POINT ( 'NONE', #2551 ) ;
#2601 = LINE ( 'NONE', #2343, #81 ) ;
#2602 = FACE_OUTER_BOUND ( 'NONE', #2001, .T. ) ;
#2603 = ORIENTED_EDGE ( 'NONE', *, *, #5, .F. ) ;
#2604 = DIRECTION ( 'NONE',  ( 1.000000000000000000, 0.000000000000000000, 0.000000000000000000 ) ) ;
#2605 =( NAMED_UNIT ( * ) PLANE_ANGLE_UNIT ( ) SI_UNIT ( $, .RADIAN. ) );
#2606 = CYLINDRICAL_SURFACE ( 'NONE', #823, 6.084952136383825483 ) ;
#2607 = EDGE_CURVE ( 'NONE', #44, #2467, #1704, .T. ) ;
#2608 = EDGE_CURVE ( 'NONE', #1078, #2384, #2526, .T. ) ;
#2609 = LINE ( 'NONE', #880, #2674 ) ;
#2610 = CARTESIAN_POINT ( 'NONE',  ( -19.21999999999999886, -43.32572789688926918, -90.42872977989290462 ) ) ;
#2611 = ORIENTED_EDGE ( 'NONE', *, *, #2133, .T. ) ;
#2612 = EDGE_CURVE ( 'NONE', #2240, #1165, #952, .T. ) ;
#2613 = ORIENTED_EDGE ( 'NONE', *, *, #131, .F. ) ;
#2614 = ORIENTED_EDGE ( 'NONE', *, *, #1422, .F. ) ;
#2615 = VECTOR ( 'NONE', #2564, 1000.000000000000114 ) ;
#2616 = PLANE ( 'NONE',  #303 ) ;
#2617 = CIRCLE ( 'NONE', #1445, 25.81967071551523318 ) ;
#2618 = DIRECTION ( 'NONE',  ( 0.000000000000000000, -0.07049534507264076932, 0.9975121083591362847 ) ) ;
#2619 = CARTESIAN_POINT ( 'NONE',  ( -18.50000000000000000, -49.82320995641303796, 49.23240482293596187 ) ) ;
#2620 = CIRCLE ( 'NONE', #1402, 8.500000000000007105 ) ;
#2621 = VECTOR ( 'NONE', #808, 1000.000000000000000 ) ;
#2622 = DIRECTION ( 'NONE',  ( 0.000000000000000000, 1.074977908178758552E-15, -1.000000000000000000 ) ) ;
#2623 = CARTESIAN_POINT ( 'NONE',  ( 28.99999999999997868, -65.52843581539332263, 47.89013389362658302 ) ) ;
#2624 = ORIENTED_EDGE ( 'NONE', *, *, #1501, .T. ) ;
#2625 = VECTOR ( 'NONE', #1522, 1000.000000000000000 ) ;
#2626 = ORIENTED_EDGE ( 'NONE', *, *, #1154, .T. ) ;
#2627 = ORIENTED_EDGE ( 'NONE', *, *, #1695, .F. ) ;
#2628 = AXIS2_PLACEMENT_3D ( 'NONE', #768, #967, #2270 ) ;
#2629 = EDGE_CURVE ( 'NONE', #442, #1962, #1441, .T. ) ;
#2630 = FACE_OUTER_BOUND ( 'NONE', #1882, .T. ) ;
#2631 = VECTOR ( 'NONE', #732, 1000.000000000000000 ) ;
#2632 = EDGE_CURVE ( 'NONE', #1350, #442, #1512, .T. ) ;
#2633 = ADVANCED_FACE ( 'NONE', ( #1148 ), #1527, .F. ) ;
#2634 = AXIS2_PLACEMENT_3D ( 'NONE', #2591, #861, #913 ) ;
#2635 = DIRECTION ( 'NONE',  ( 0.000000000000000000, 0.2588190451025140781, -0.9659258262890700886 ) ) ;
#2636 = LINE ( 'NONE', #649, #201 ) ;
#2637 = CARTESIAN_POINT ( 'NONE',  ( -19.71999999999999886, -42.46605186539409260, -93.40714498279402278 ) ) ;
#2638 = FACE_OUTER_BOUND ( 'NONE', #2077, .T. ) ;
#2639 = DIRECTION ( 'NONE',  ( 1.000000000000000000, 0.000000000000000000, 0.000000000000000000 ) ) ;
#2640 = ORIENTED_EDGE ( 'NONE', *, *, #1626, .T. ) ;
#2641 = ORIENTED_EDGE ( 'NONE', *, *, #144, .T. ) ;
#2642 = EDGE_CURVE ( 'NONE', #2575, #2310, #2369, .T. ) ;
#2643 = ORIENTED_EDGE ( 'NONE', *, *, #2084, .F. ) ;
#2644 = AXIS2_PLACEMENT_3D ( 'NONE', #621, #408, #187 ) ;
#2645 = CARTESIAN_POINT ( 'NONE',  ( -18.50000000000000000, -51.28927552743907370, -91.68646947313820306 ) ) ;
#2646 = ADVANCED_FACE ( 'NONE', ( #2156 ), #1564, .F. ) ;
#2647 = EDGE_CURVE ( 'NONE', #2740, #1885, #1946, .T. ) ;
#2648 = APPLICATION_CONTEXT ( 'automotive_design' ) ;
#2649 = EDGE_CURVE ( 'NONE', #1791, #1190, #451, .T. ) ;
#2650 = VERTEX_POINT ( 'NONE', #20 ) ;
#2651 = DIRECTION ( 'NONE',  ( 1.000000000000000000, 0.000000000000000000, 0.000000000000000000 ) ) ;
#2652 = LINE ( 'NONE', #500, #1892 ) ;
#2653 = CARTESIAN_POINT ( 'NONE',  ( -19.71999999999999886, -51.28927552743907370, -91.68646947313818885 ) ) ;
#2654 =( LENGTH_UNIT ( ) NAMED_UNIT ( * ) SI_UNIT ( .MILLI., .METRE. ) );
#2655 = ORIENTED_EDGE ( 'NONE', *, *, #926, .F. ) ;
#2656 = ORIENTED_EDGE ( 'NONE', *, *, #1364, .F. ) ;
#2657 = ORIENTED_EDGE ( 'NONE', *, *, #771, .T. ) ;
#2658 = CIRCLE ( 'NONE', #578, 6.084952136383825483 ) ;
#2659 = CYLINDRICAL_SURFACE ( 'NONE', #1101, 8.701599496106895870 ) ;
#2660 = CARTESIAN_POINT ( 'NONE',  ( -19.71999999999999886, -50.15228464707448808, -95.62566377374932358 ) ) ;
#2661 = CIRCLE ( 'NONE', #179, 3.000000000000000444 ) ;
#2662 =( BOUNDED_CURVE ( )  B_SPLINE_CURVE ( 3, ( #1262, #1686, #814, #570 ),
 .UNSPECIFIED., .F., .T. ) 
 B_SPLINE_CURVE_WITH_KNOTS ( ( 4, 4 ),
 ( 1.570796326794896558, 3.141592653589793116 ),
 .UNSPECIFIED. ) 
 CURVE ( )  GEOMETRIC_REPRESENTATION_ITEM ( )  RATIONAL_B_SPLINE_CURVE ( ( 1.000000000000000000, 0.8047378541243649375, 0.8047378541243649375, 1.000000000000000000 ) ) 
 REPRESENTATION_ITEM ( '' )  );
#2663 = ADVANCED_FACE ( 'NONE', ( #2172 ), #894, .T. ) ;
#2664 = VECTOR ( 'NONE', #962, 1000.000000000000114 ) ;
#2665 = LINE ( 'NONE', #1549, #784 ) ;
#2666 = ORIENTED_EDGE ( 'NONE', *, *, #799, .F. ) ;
#2667 = DIRECTION ( 'NONE',  ( -0.000000000000000000, -0.000000000000000000, 1.000000000000000000 ) ) ;
#2668 = DIRECTION ( 'NONE',  ( -0.000000000000000000, 0.9975121083591363957, 0.07049534507264085259 ) ) ;
#2669 = CARTESIAN_POINT ( 'NONE',  ( -18.50000000000000355, -68.52843581539332263, -73.35560605950880131 ) ) ;
#2670 = DIRECTION ( 'NONE',  ( -1.000000000000000000, -2.996270723527080669E-17, -8.648297666416507395E-18 ) ) ;
#2671 = ORIENTED_EDGE ( 'NONE', *, *, #793, .F. ) ;
#2672 = VERTEX_POINT ( 'NONE', #273 ) ;
#2673 = VERTEX_POINT ( 'NONE', #1762 ) ;
#2674 = VECTOR ( 'NONE', #419, 1000.000000000000227 ) ;
#2675 = CARTESIAN_POINT ( 'NONE',  ( -4.283134363241304143, -39.32217547090733945, -92.79200252836616869 ) ) ;
#2676 = AXIS2_PLACEMENT_3D ( 'NONE', #1488, #2559, #136 ) ;
#2677 = CARTESIAN_POINT ( 'NONE',  ( -18.50000000000000000, -42.74336671426350165, -92.44636588508396358 ) ) ;
#2678 =( BOUNDED_CURVE ( )  B_SPLINE_CURVE ( 3, ( #88, #947, #2669, #1803 ),
 .UNSPECIFIED., .F., .T. ) 
 B_SPLINE_CURVE_WITH_KNOTS ( ( 4, 4 ),
 ( 3.141592653589793116, 4.712388980384689674 ),
 .UNSPECIFIED. ) 
 CURVE ( )  GEOMETRIC_REPRESENTATION_ITEM ( )  RATIONAL_B_SPLINE_CURVE ( ( 1.000000000000000000, 0.8047378541243649375, 0.8047378541243649375, 1.000000000000000000 ) ) 
 REPRESENTATION_ITEM ( '' )  );
#2679 = DIRECTION ( 'NONE',  ( 0.000000000000000000, -0.9975121083591362847, -0.07049534507264085259 ) ) ;
#2680 = VERTEX_POINT ( 'NONE', #2610 ) ;
#2681 = CARTESIAN_POINT ( 'NONE',  ( -18.50000000000000000, -41.87551912874813809, 23.78742174607924298 ) ) ;
#2682 = VECTOR ( 'NONE', #1362, 1000.000000000000114 ) ;
#2683 = CARTESIAN_POINT ( 'NONE',  ( 28.99999999999997868, -68.52843581539332263, -82.10986610637343119 ) ) ;
#2684 = CARTESIAN_POINT ( 'NONE',  ( 16.50000000000000000, -68.32530352411407648, 30.46722048755738044 ) ) ;
#2685 = EDGE_CURVE ( 'NONE', #92, #2009, #231, .T. ) ;
#2686 = ORIENTED_EDGE ( 'NONE', *, *, #2523, .F. ) ;
#2687 = ORIENTED_EDGE ( 'NONE', *, *, #1547, .T. ) ;
#2688 = VERTEX_POINT ( 'NONE', #934 ) ;
#2689 = EDGE_CURVE ( 'NONE', #49, #921, #654, .T. ) ;
#2690 = DIRECTION ( 'NONE',  ( 1.445602896647337931E-16, -0.9607790977100485463, -0.2773148488694121561 ) ) ;
#2691 = LINE ( 'NONE', #2018, #2549 ) ;
#2692 = DIRECTION ( 'NONE',  ( -0.000000000000000000, 0.9607790977100478802, 0.2773148488694147651 ) ) ;
#2693 = AXIS2_PLACEMENT_3D ( 'NONE', #305, #471, #1359 ) ;
#2694 = CARTESIAN_POINT ( 'NONE',  ( 18.50000000000000000, -20.20466045505768804, -108.5420023758066606 ) ) ;
#2695 = ORIENTED_EDGE ( 'NONE', *, *, #1053, .F. ) ;
#2696 = LINE ( 'NONE', #1617, #1658 ) ;
#2697 = CARTESIAN_POINT ( 'NONE',  ( 15.50000000000000000, -60.45909735432832122, 18.80796696805457557 ) ) ;
#2698 = DIRECTION ( 'NONE',  ( 1.445602896647337931E-16, -0.9607790977100485463, -0.2773148488694121561 ) ) ;
#2699 = ORIENTED_EDGE ( 'NONE', *, *, #195, .F. ) ;
#2700 = EDGE_CURVE ( 'NONE', #1930, #44, #1131, .T. ) ;
#2701 = DIRECTION ( 'NONE',  ( -0.000000000000000000, -1.000000000000000000, -0.000000000000000000 ) ) ;
#2702 = FACE_OUTER_BOUND ( 'NONE', #2281, .T. ) ;
#2703 = AXIS2_PLACEMENT_3D ( 'NONE', #1449, #2320, #569 ) ;
#2704 = LINE ( 'NONE', #565, #2536 ) ;
#2705 = DIRECTION ( 'NONE',  ( 0.000000000000000000, 0.2588190451025141892, -0.9659258262890700886 ) ) ;
#2706 = EDGE_LOOP ( 'NONE', ( #1435, #1173, #2362, #1057 ) ) ;
#2707 = LINE ( 'NONE', #1183, #574 ) ;
#2708 = DIRECTION ( 'NONE',  ( 1.000000000000000000, 0.000000000000000000, -0.000000000000000000 ) ) ;
#2709 = CARTESIAN_POINT ( 'NONE',  ( -18.50000000000000000, -68.52843581539332263, -102.1098661063734170 ) ) ;
#2710 = CARTESIAN_POINT ( 'NONE',  ( 45.14557498262445989, -20.56185709715558829, -107.3044665247730052 ) ) ;
#2711 = ORIENTED_EDGE ( 'NONE', *, *, #274, .T. ) ;
#2712 = EDGE_CURVE ( 'NONE', #1689, #1122, #38, .T. ) ;
#2713 = TOROIDAL_SURFACE ( 'NONE', #1041, 14.00000000000000711, 2.000000000000000000 ) ;
#2714 = CARTESIAN_POINT ( 'NONE',  ( 18.50000000000000000, -26.18932635791932384, -87.80765681266970546 ) ) ;
#2715 = CARTESIAN_POINT ( 'NONE',  ( -12.50000000000000888, -41.51323490609146205, -94.31232307572690843 ) ) ;
#2716 = ADVANCED_FACE ( 'NONE', ( #2000 ), #2595, .T. ) ;
#2717 = VECTOR ( 'NONE', #1702, 1000.000000000000000 ) ;
#2718 = CARTESIAN_POINT ( 'NONE',  ( 18.50000000000000000, -68.52843581539332263, 30.89071444210019024 ) ) ;
#2719 = EDGE_CURVE ( 'NONE', #614, #1164, #881, .T. ) ;
#2720 = VECTOR ( 'NONE', #2257, 1000.000000000000000 ) ;
#2721 = DIRECTION ( 'NONE',  ( -1.000000000000000000, 0.000000000000000000, 0.000000000000000000 ) ) ;
#2722 = VERTEX_POINT ( 'NONE', #1778 ) ;
#2723 = PLANE ( 'NONE',  #2081 ) ;
#2724 = FACE_OUTER_BOUND ( 'NONE', #2021, .T. ) ;
#2725 = VECTOR ( 'NONE', #134, 1000.000000000000227 ) ;
#2726 = CARTESIAN_POINT ( 'NONE',  ( 28.99999999999997868, -65.52843581539332263, -92.10986610637341698 ) ) ;
#2727 = ORIENTED_EDGE ( 'NONE', *, *, #2642, .F. ) ;
#2728 = DIRECTION ( 'NONE',  ( 0.000000000000000000, 0.000000000000000000, -1.000000000000000000 ) ) ;
#2729 = LINE ( 'NONE', #1875, #693 ) ;
#2730 = DIRECTION ( 'NONE',  ( 0.000000000000000000, -0.3300003047964937264, -0.9439808254589820979 ) ) ;
#2731 = EDGE_CURVE ( 'NONE', #2680, #162, #1739, .T. ) ;
#2732 = DIRECTION ( 'NONE',  ( 1.000000000000000000, 2.996270723527081285E-17, 8.648297666416508936E-18 ) ) ;
#2733 = ORIENTED_EDGE ( 'NONE', *, *, #2719, .T. ) ;
#2734 = EDGE_CURVE ( 'NONE', #1734, #1358, #770, .T. ) ;
#2735 = LINE ( 'NONE', #2287, #1080 ) ;
#2736 = AXIS2_PLACEMENT_3D ( 'NONE', #704, #1558, #954 ) ;
#2737 = DIRECTION ( 'NONE',  ( -3.261064801189228331E-16, -0.9975121083591363957, -0.07049534507264078320 ) ) ;
#2738 = VERTEX_POINT ( 'NONE', #487 ) ;
#2739 = DIRECTION ( 'NONE',  ( 0.000000000000000000, 0.000000000000000000, -1.000000000000000000 ) ) ;
#2740 = VERTEX_POINT ( 'NONE', #1751 ) ;
#2741 = CARTESIAN_POINT ( 'NONE',  ( -5.308970225913368424, -29.47781305102079230, -90.83847440356748848 ) ) ;
#2742 = DIRECTION ( 'NONE',  ( -1.000000000000000000, -1.388905046687862300E-16, -4.008871488089412466E-17 ) ) ;
#2743 = AXIS2_PLACEMENT_3D ( 'NONE', #126, #1853, #1837 ) ;
#2744 = DIRECTION ( 'NONE',  ( 0.000000000000000000, -0.9607790977100484353, -0.2773148488694124891 ) ) ;
#2745 = CARTESIAN_POINT ( 'NONE',  ( 18.50000000000000000, -68.52843581539332263, 57.89013389362658302 ) ) ;
#2746 = CARTESIAN_POINT ( 'NONE',  ( 9.700000000000009948, -34.39513429522386190, -97.02894413646475869 ) ) ;
#2747 = ORIENTED_EDGE ( 'NONE', *, *, #1895, .F. ) ;
#2748 = DIRECTION ( 'NONE',  ( 1.000000000000000000, 2.996270723527080669E-17, 8.648297666416508936E-18 ) ) ;
#2749 = LINE ( 'NONE', #1659, #1318 ) ;
#2750 = VERTEX_POINT ( 'NONE', #1354 ) ;
#2751 = CARTESIAN_POINT ( 'NONE',  ( 15.50000000000000000, -60.45909735432832122, 18.80796696805457557 ) ) ;
#2752 = ORIENTED_EDGE ( 'NONE', *, *, #686, .F. ) ;
#2753 = VECTOR ( 'NONE', #1187, 1000.000000000000227 ) ;
#2754 = FACE_OUTER_BOUND ( 'NONE', #189, .T. ) ;
#2755 = LINE ( 'NONE', #2161, #413 ) ;
#2756 = VECTOR ( 'NONE', #805, 1000.000000000000000 ) ;
#2757 = DIRECTION ( 'NONE',  ( -2.397016578821665028E-16, -1.000000000000000000, 0.000000000000000000 ) ) ;
#2758 = ORIENTED_EDGE ( 'NONE', *, *, #2487, .T. ) ;
#2759 = PLANE ( 'NONE',  #726 ) ;
#2760 = AXIS2_PLACEMENT_3D ( 'NONE', #1787, #2651, #720 ) ;
#2761 = ADVANCED_FACE ( 'NONE', ( #1790 ), #89, .F. ) ;
#2762 = VECTOR ( 'NONE', #657, 1000.000000000000000 ) ;
#2763 = CARTESIAN_POINT ( 'NONE',  ( 18.50000000000000000, -68.52843581539332263, 57.89013389362658302 ) ) ;
#2764 = ORIENTED_EDGE ( 'NONE', *, *, #1340, .T. ) ;
#2765 = CARTESIAN_POINT ( 'NONE',  ( -8.700000000000001066, -28.75722872773825856, -90.63048826691543525 ) ) ;
#2766 = ORIENTED_EDGE ( 'NONE', *, *, #644, .T. ) ;
#2767 = VECTOR ( 'NONE', #2732, 1000.000000000000000 ) ;
#2768 = CARTESIAN_POINT ( 'NONE',  ( -5.308970225913367535, -29.99082437250211441, -89.06110634492462452 ) ) ;
#2769 = CARTESIAN_POINT ( 'NONE',  ( 8.727974615270831293, -29.71438449380685753, -90.01885403967203558 ) ) ;
#2770 = EDGE_CURVE ( 'NONE', #1123, #1369, #560, .T. ) ;
#2771 = DIRECTION ( 'NONE',  ( -1.000000000000000000, -1.388905046687862300E-16, -4.008871488089412466E-17 ) ) ;
#2772 = EDGE_LOOP ( 'NONE', ( #1950, #1149, #2355, #430 ) ) ;
#2773 = DIRECTION ( 'NONE',  ( -1.111124037350291221E-15, -0.9607790977100485463, -0.2773148488694123226 ) ) ;
#2774 = VERTEX_POINT ( 'NONE', #313 ) ;
#2775 = DIRECTION ( 'NONE',  ( 0.000000000000000000, -1.000000000000000000, 0.000000000000000000 ) ) ;
#2776 = DIRECTION ( 'NONE',  ( -0.000000000000000000, 1.000000000000000000, 0.000000000000000000 ) ) ;
#2777 = VERTEX_POINT ( 'NONE', #2026 ) ;
#2778 = CARTESIAN_POINT ( 'NONE',  ( -5.308970225913367535, -39.59861534960260343, -91.83425483361875763 ) ) ;
#2779 = VERTEX_POINT ( 'NONE', #2439 ) ;
#2780 = DIRECTION ( 'NONE',  ( -1.000000000000000000, -0.000000000000000000, -0.000000000000000000 ) ) ;
#2781 = ORIENTED_EDGE ( 'NONE', *, *, #1112, .T. ) ;
#2782 = CARTESIAN_POINT ( 'NONE',  ( -19.21999999999999886, -50.42959949594389002, -94.66488467603929280 ) ) ;
#2783 = ORIENTED_EDGE ( 'NONE', *, *, #1132, .F. ) ;
#2784 = EDGE_CURVE ( 'NONE', #1013, #700, #1804, .T. ) ;
#2785 = ADVANCED_FACE ( 'NONE', ( #543 ), #531, .F. ) ;
#2786 = FACE_OUTER_BOUND ( 'NONE', #2706, .T. ) ;
#2787 = ORIENTED_EDGE ( 'NONE', *, *, #1760, .F. ) ;
#2788 = DIRECTION ( 'NONE',  ( -0.000000000000000000, 0.2588190451025140781, -0.9659258262890700886 ) ) ;
#2789 = ADVANCED_FACE ( 'NONE', ( #1842 ), #985, .F. ) ;
#2790 = ORIENTED_EDGE ( 'NONE', *, *, #2632, .F. ) ;
#2791 = DIRECTION ( 'NONE',  ( -3.118584418279381608E-17, 0.9607790977100484353, 0.2773148488694124336 ) ) ;
#2792 = CARTESIAN_POINT ( 'NONE',  ( 18.50000000000000000, -60.45909735432832122, -92.10986610637341698 ) ) ;
#2793 = AXIS2_PLACEMENT_3D ( 'NONE', #459, #14, #661 ) ;
#2794 = ORIENTED_EDGE ( 'NONE', *, *, #343, .F. ) ;
ENDSEC;
END-ISO-10303-21;
